state,body,id,measure,value,low,high
WY,president,WY,dem two party voteshare,0.307423137975,0.2699149750000001,0.3468471
WV,president,WV,dem two party voteshare,0.3544343056,0.315642925,0.394822025
OK,president,OK,dem two party voteshare,0.36381380686250003,0.32258600000000004,0.40657205
ID,president,ID,dem two party voteshare,0.36989920405,0.327095875,0.414542075
ND,president,ND,dem two party voteshare,0.37469617501249997,0.333555975,0.41733354999999983
AR,president,AR,dem two party voteshare,0.385301879925,0.343034975,0.4290112749999999
KY,president,KY,dem two party voteshare,0.39570531932499997,0.356020875,0.436017025
AL,president,AL,dem two party voteshare,0.40146664395000004,0.36136995,0.442118125
SD,president,SD,dem two party voteshare,0.4092491531125,0.367137,0.45268400000000003
TN,president,TN,dem two party voteshare,0.4116589886625,0.3689608,0.4549881
UT,president,UT,dem two party voteshare,0.4164560757375,0.37484095,0.45934309999999995
NE,president,NE,dem two party voteshare,0.4174225157875,0.372344975,0.46354705
LA,president,LA,dem two party voteshare,0.428150246475,0.385466875,0.471289075
IN,president,IN,dem two party voteshare,0.43229440713749995,0.392516925,0.472893025
KS,president,KS,dem two party voteshare,0.4372430317,0.397189975,0.4774503749999999
MS,president,MS,dem two party voteshare,0.4375258068,0.3953939500000001,0.480383025
MO,president,MO,dem two party voteshare,0.45671961128749994,0.416832725,0.497281125
MT,president,MT,dem two party voteshare,0.457230183225,0.417976975,0.496975
SC,president,SC,dem two party voteshare,0.4591821041375,0.4193,0.499567175
AK,president,AK,dem two party voteshare,0.464041750075,0.421340925,0.506969025
TX,president,TX,dem two party voteshare,0.4893374167375,0.448899,0.530072025
OH,president,OH,dem two party voteshare,0.4971296990625,0.45827895,0.5361370499999999
IA,president,IA,dem two party voteshare,0.49750980627499997,0.458939825,0.536299
GA,president,GA,dem two party voteshare,0.504304699975,0.4642629,0.5442530250000001
NC,president,NC,dem two party voteshare,0.5104120516375,0.47106895,0.549480075
AZ,president,AZ,dem two party voteshare,0.5123716402624999,0.472939925,0.5520761
FL,president,FL,dem two party voteshare,0.5166282461375,0.477915925,0.5552341749999999
PA,president,PA,dem two party voteshare,0.5314329464625,0.49328995,0.569623025
NV,president,NV,dem two party voteshare,0.5339142741375,0.492721825,0.5748022249999999
WI,president,WI,dem two party voteshare,0.540381696475,0.5020507750000001,0.5786200250000001
MI,president,MI,dem two party voteshare,0.5420835874000001,0.5037989749999999,0.580264025
NH,president,NH,dem two party voteshare,0.54563088035,0.504967,0.58588515
MN,president,MN,dem two party voteshare,0.54591595845,0.5071260000000001,0.5847951499999999
VA,president,VA,dem two party voteshare,0.5585284416375,0.5174928,0.5993303000000001
CO,president,CO,dem two party voteshare,0.5620393340125,0.5214608249999999,0.6018234749999999
NM,president,NM,dem two party voteshare,0.5634764329749999,0.5196427749999999,0.6069131249999999
ME,president,ME,dem two party voteshare,0.5672130942375,0.5278799750000001,0.6064085249999999
OR,president,OR,dem two party voteshare,0.591568089375,0.5492669749999999,0.632935075
IL,president,IL,dem two party voteshare,0.5931551462125,0.550687925,0.634907
NJ,president,NJ,dem two party voteshare,0.5988558706625,0.556741975,0.640087075
DE,president,DE,dem two party voteshare,0.6087021421125,0.564926975,0.6513060250000001
CT,president,CT,dem two party voteshare,0.622049096725,0.578687,0.664151
WA,president,WA,dem two party voteshare,0.6232696888875,0.58242885,0.662671025
RI,president,RI,dem two party voteshare,0.6250441647125,0.579142975,0.6691200500000001
NY,president,NY,dem two party voteshare,0.6449039354875,0.60400095,0.684721
MD,president,MD,dem two party voteshare,0.6598309891375,0.6160709750000001,0.701937
CA,president,CA,dem two party voteshare,0.6747757203,0.636881975,0.711303125
MA,president,MA,dem two party voteshare,0.6781790299875,0.6378358499999999,0.716832025
VT,president,VT,dem two party voteshare,0.6826594056999999,0.6420269000000001,0.72164805
HI,president,HI,dem two party voteshare,0.6865357228375,0.6435957999999999,0.727415075
DC,president,DC,dem two party voteshare,0.955390923575,0.942994,0.96566705
AK,ussenate,AK,dem two party voteshare,0.483275,0.415184,0.5514885
AL,ussenate,AL,dem two party voteshare,0.4427975,0.379603,0.506994
AR,ussenate,AR,dem two party voteshare,0.399902,0.2697214,0.5516325
AZ,ussenate,AZ,dem two party voteshare,0.5193325,0.4533244,0.5820106
CO,ussenate,CO,dem two party voteshare,0.5420785,0.472083,0.61076
DE,ussenate,DE,dem two party voteshare,0.6831535,0.6110542,0.7459675
GA,ussenate,GA,dem two party voteshare,0.515698,0.4506838,0.5822803
GA,ussenate,GA-S,dem two party voteshare,0.506092,0.4368399,0.5734167
IA,ussenate,IA,dem two party voteshare,0.4936045,0.4294233,0.5598694
ID,ussenate,ID,dem two party voteshare,0.359785,0.2875292,0.4414957
IL,ussenate,IL,dem two party voteshare,0.661147,0.5999437,0.7175567
KS,ussenate,KS,dem two party voteshare,0.451178,0.3868304,0.5155668
KY,ussenate,KY,dem two party voteshare,0.4465325,0.37761,0.5164393
LA,ussenate,LA,dem two party voteshare,0.388966,0.3087605,0.4710136
MA,ussenate,MA,dem two party voteshare,0.6734175,0.6096876,0.7311467
ME,ussenate,ME,dem two party voteshare,0.533864,0.4682663,0.5973537
MI,ussenate,MI,dem two party voteshare,0.565608,0.5004379,0.6290574
MN,ussenate,MN,dem two party voteshare,0.565454,0.4997184,0.6303936
MS,ussenate,MS,dem two party voteshare,0.459091,0.3919567,0.5302199
MT,ussenate,MT,dem two party voteshare,0.478145,0.409875,0.5485558
NC,ussenate,NC,dem two party voteshare,0.5147525,0.4534428,0.5765898
NE,ussenate,NE,dem two party voteshare,0.3054425,0.242299,0.3760839
NH,ussenate,NH,dem two party voteshare,0.586208,0.5209637,0.6474214
NJ,ussenate,NJ,dem two party voteshare,0.6495595,0.5839943,0.7108104
NM,ussenate,NM,dem two party voteshare,0.5492505,0.4767944,0.6172056
OK,ussenate,OK,dem two party voteshare,0.3830405,0.3223382,0.4479372
OR,ussenate,OR,dem two party voteshare,0.6179025,0.5446267,0.686266
RI,ussenate,RI,dem two party voteshare,0.735119,0.5988812,0.8354077
SC,ussenate,SC,dem two party voteshare,0.4747335,0.4104052,0.541556
SD,ussenate,SD,dem two party voteshare,0.404174,0.3359828,0.4803922
TN,ussenate,TN,dem two party voteshare,0.409228,0.3431804,0.4786014
TX,ussenate,TX,dem two party voteshare,0.462574,0.3953996,0.5303705
VA,ussenate,VA,dem two party voteshare,0.596862,0.5306876,0.6616633
WV,ussenate,WV,dem two party voteshare,0.3792205,0.310665,0.4561486
WY,ussenate,WY,dem two party voteshare,0.3244235,0.2601804,0.3932584
AL,ushouse,AL-01,dem two party voteshare,0.3302856344504506,0.21535968687417326,0.44660988501371424
AL,ushouse,AL-02,dem two party voteshare,0.3296711870797297,0.21583774120436308,0.4426469901357851
AL,ushouse,AL-03,dem two party voteshare,0.33036489729436336,0.21695673091100004,0.4454788426731339
AL,ushouse,AL-04,dem two party voteshare,0.32965167392294553,0.21623558046933386,0.44371664548766354
AL,ushouse,AL-05,dem two party voteshare,0.33047943690116643,0.2151527383427724,0.4460094036819886
AL,ushouse,AL-06,dem two party voteshare,0.32985947317105435,0.214629706703013,0.4435526123726474
AZ,ushouse,AZ-04,dem two party voteshare,0.3302652614017451,0.2164891919425982,0.44339097213172857
AZ,ushouse,AZ-05,dem two party voteshare,0.3309236997438678,0.217741973717191,0.4457543747020671
AZ,ushouse,AZ-08,dem two party voteshare,0.330205843552921,0.21668130431656055,0.4473712645773623
AR,ushouse,AR-01,dem two party voteshare,0.3309560453958363,0.21670317493920338,0.4470076378220123
AR,ushouse,AR-03,dem two party voteshare,0.33118487010319914,0.21683500147208334,0.4448931159966806
AR,ushouse,AR-04,dem two party voteshare,0.32992189814655637,0.2180246953137476,0.4447334539290303
CA,ushouse,CA-01,dem two party voteshare,0.3305243228755377,0.21378820941130205,0.4453183780318742
CA,ushouse,CA-04,dem two party voteshare,0.3305220687197288,0.21564245594717063,0.4445545988243422
CA,ushouse,CA-08,dem two party voteshare,0.3295596095151596,0.21347615395824618,0.44400301713091417
CA,ushouse,CA-22,dem two party voteshare,0.330817253789434,0.21746928420877548,0.446769752998982
CA,ushouse,CA-23,dem two party voteshare,0.33029768014704025,0.21444616031149213,0.4467504840054118
CA,ushouse,CA-42,dem two party voteshare,0.3302914558342305,0.2171837518032547,0.4437662103995157
CO,ushouse,CO-04,dem two party voteshare,0.33045287545203234,0.21665028286425572,0.4429497396663507
CO,ushouse,CO-05,dem two party voteshare,0.33075836081960197,0.21888347601128189,0.4440369954371864
FL,ushouse,FL-01,dem two party voteshare,0.32996399599394227,0.21492721212824714,0.44393394184321
FL,ushouse,FL-02,dem two party voteshare,0.3297018337315671,0.2132541671962045,0.44287421523340814
FL,ushouse,FL-03,dem two party voteshare,0.33030759597520476,0.2145163272461854,0.4426679094052175
FL,ushouse,FL-04,dem two party voteshare,0.3303779497906538,0.21526965142610838,0.4456978930830774
FL,ushouse,FL-06,dem two party voteshare,0.32950917068289637,0.21726664147684002,0.44291164262988647
FL,ushouse,FL-08,dem two party voteshare,0.32969947557893836,0.21698965630984374,0.4408424519456069
FL,ushouse,FL-11,dem two party voteshare,0.3302543707203202,0.21583300432762262,0.44496528261271495
FL,ushouse,FL-12,dem two party voteshare,0.33004653098747083,0.21587342579127397,0.445755669469899
FL,ushouse,FL-17,dem two party voteshare,0.3305582857568603,0.21650184254586655,0.443878915395257
FL,ushouse,FL-19,dem two party voteshare,0.33109161442174073,0.2176197454653902,0.44497944878168044
FL,ushouse,FL-25,dem two party voteshare,0.33088761236216185,0.21786500265152253,0.445251101506696
GA,ushouse,GA-01,dem two party voteshare,0.33058960191370806,0.21525720423289404,0.4453794850188464
GA,ushouse,GA-03,dem two party voteshare,0.33002695720607556,0.21507175223838823,0.44176068853647205
GA,ushouse,GA-08,dem two party voteshare,0.3304727014447335,0.21499384631653823,0.4448232473450749
GA,ushouse,GA-09,dem two party voteshare,0.33086918347282424,0.21621672385662494,0.44301655640570886
GA,ushouse,GA-10,dem two party voteshare,0.330312207223093,0.21829075950620985,0.44397692199314504
GA,ushouse,GA-11,dem two party voteshare,0.32943309446494834,0.21791716119439877,0.4437957298608501
GA,ushouse,GA-12,dem two party voteshare,0.329469007232139,0.21448499766741919,0.44350834453048144
GA,ushouse,GA-14,dem two party voteshare,0.3303433975648933,0.21362263773044454,0.4490255121164017
ID,ushouse,ID-01,dem two party voteshare,0.3311079583602688,0.21628128512136802,0.44418079683215067
ID,ushouse,ID-02,dem two party voteshare,0.33076267627870753,0.2161774307483721,0.4463193384694299
IL,ushouse,IL-12,dem two party voteshare,0.3297129599917932,0.2143261921121792,0.4451762532032359
IL,ushouse,IL-15,dem two party voteshare,0.3300212176777907,0.21763784598541683,0.4450879702401682
IL,ushouse,IL-16,dem two party voteshare,0.33029907851584317,0.21761377806257387,0.44480753697807707
IL,ushouse,IL-18,dem two party voteshare,0.3304812415696695,0.21828592444091277,0.4435679090447
IN,ushouse,IN-02,dem two party voteshare,0.33087683391973394,0.21729945944287937,0.44480578448539354
IN,ushouse,IN-03,dem two party voteshare,0.33013670948686213,0.21604968924742377,0.44511166731512786
IN,ushouse,IN-04,dem two party voteshare,0.3306651642214624,0.216643019380711,0.4442559470977119
IN,ushouse,IN-06,dem two party voteshare,0.33037952972692614,0.21738510134265324,0.4431355373269158
IN,ushouse,IN-08,dem two party voteshare,0.330736347276961,0.21769970826737864,0.44835403414383873
IN,ushouse,IN-09,dem two party voteshare,0.3297855713680332,0.21630982238955263,0.4450551784652054
IA,ushouse,IA-04,dem two party voteshare,0.3298104288427345,0.2156087754243828,0.4441457090137358
KS,ushouse,KS-01,dem two party voteshare,0.33029132404934924,0.21628793773333999,0.44493615417268095
KS,ushouse,KS-02,dem two party voteshare,0.33031592618332456,0.21723908850814824,0.44382672953077085
KS,ushouse,KS-04,dem two party voteshare,0.33033222157243775,0.21648629043825196,0.44542268641124716
KY,ushouse,KY-01,dem two party voteshare,0.32987965535762115,0.21669745307980395,0.4424278474052826
KY,ushouse,KY-02,dem two party voteshare,0.33080134758817314,0.21341886544520858,0.444437493436904
KY,ushouse,KY-04,dem two party voteshare,0.3308080519435234,0.21523869088058978,0.44820753154404064
KY,ushouse,KY-05,dem two party voteshare,0.3308687809652237,0.21493805997136137,0.44804608714536714
KY,ushouse,KY-06,dem two party voteshare,0.3294495398534001,0.21536772599247045,0.4415401216443178
LA,ushouse,LA-01,dem two party voteshare,0.32990482496524254,0.2166900780797354,0.4440987872449926
LA,ushouse,LA-03,dem two party voteshare,0.3304371577939465,0.21909747531177018,0.4432414759931557
LA,ushouse,LA-04,dem two party voteshare,0.33012606869398703,0.214799598800618,0.445229350042198
LA,ushouse,LA-05,dem two party voteshare,0.33043439401332003,0.21675096894867796,0.4436048039435613
LA,ushouse,LA-06,dem two party voteshare,0.33132725065983737,0.2163885473200273,0.44721482564696696
MD,ushouse,MD-01,dem two party voteshare,0.32993813204226774,0.21591648611235825,0.44317319964711593
MI,ushouse,MI-01,dem two party voteshare,0.33032751686396955,0.21606390199650688,0.4465413772165094
MI,ushouse,MI-02,dem two party voteshare,0.33032495048911004,0.21629143525432812,0.4435725620814943
MI,ushouse,MI-04,dem two party voteshare,0.32980812577054064,0.2159835214234065,0.4450721888465652
MI,ushouse,MI-07,dem two party voteshare,0.33056489077770496,0.21890992740558515,0.44463654274259795
MI,ushouse,MI-10,dem two party voteshare,0.3307819156981105,0.21560959026029183,0.44489165277044285
MN,ushouse,MN-06,dem two party voteshare,0.3300708914793303,0.21693786854528016,0.4438120078819661
MN,ushouse,MN-08,dem two party voteshare,0.3304139245822,0.2173111216568224,0.4438900193342084
MS,ushouse,MS-01,dem two party voteshare,0.33052928905120177,0.2161928904684642,0.4457945912083543
MS,ushouse,MS-03,dem two party voteshare,0.3307413503354091,0.21754010590769457,0.44455791866430405
MS,ushouse,MS-04,dem two party voteshare,0.32965447514240104,0.21681591869664538,0.4444069156668521
MO,ushouse,MO-03,dem two party voteshare,0.3304334149749349,0.21658176735930873,0.44559185106862353
MO,ushouse,MO-04,dem two party voteshare,0.32986501864996365,0.21535051555791832,0.44284188673582453
MO,ushouse,MO-06,dem two party voteshare,0.3298500853217076,0.21619673377266482,0.444948934823253
MO,ushouse,MO-07,dem two party voteshare,0.3305281735284073,0.21756173403371726,0.4437383622966568
MO,ushouse,MO-08,dem two party voteshare,0.3300940331828817,0.21504568120791648,0.4431416069205498
NE,ushouse,NE-01,dem two party voteshare,0.331172688233058,0.21756414080200726,0.446467833923079
NE,ushouse,NE-03,dem two party voteshare,0.3305611576409127,0.21699526037222452,0.4421419152411116
NV,ushouse,NV-02,dem two party voteshare,0.33075617828598514,0.21914034320008852,0.44312569083049475
NJ,ushouse,NJ-04,dem two party voteshare,0.3310940004722472,0.21786413570188487,0.4467537752941348
NY,ushouse,NY-21,dem two party voteshare,0.329852996367959,0.21721123511822304,0.444252913784512
NY,ushouse,NY-23,dem two party voteshare,0.33079779536585385,0.2175898731398735,0.4449204772224168
NY,ushouse,NY-27,dem two party voteshare,0.3295316576997275,0.2163288085925897,0.4421092582593706
NC,ushouse,NC-03,dem two party voteshare,0.33105014532890525,0.21729032139402632,0.4466589378393698
NC,ushouse,NC-05,dem two party voteshare,0.32998923141405967,0.21731309290447898,0.44212525972424527
NC,ushouse,NC-07,dem two party voteshare,0.32988534418051596,0.21790555347179105,0.44234386860651953
NC,ushouse,NC-09,dem two party voteshare,0.3306057830749214,0.21596904263747055,0.44447381307167166
NC,ushouse,NC-10,dem two party voteshare,0.3302185577954299,0.21520459445440954,0.44486094511491625
NC,ushouse,NC-13,dem two party voteshare,0.33068714191722065,0.2182291223484073,0.44664519298725397
ND,ushouse,ND-01,dem two party voteshare,0.3311189722530139,0.21907469147038666,0.44532830367864873
OH,ushouse,OH-02,dem two party voteshare,0.3304561168514979,0.21397155863942563,0.4456418210636812
OH,ushouse,OH-04,dem two party voteshare,0.33037697765785223,0.21653796652087873,0.44581722218574693
OH,ushouse,OH-05,dem two party voteshare,0.33134765999061694,0.21628896963743244,0.4445930524541111
OH,ushouse,OH-06,dem two party voteshare,0.32993196677267367,0.21448538331332995,0.44413469389155985
OH,ushouse,OH-07,dem two party voteshare,0.3305773223504526,0.215363396972883,0.44745678910176817
OH,ushouse,OH-08,dem two party voteshare,0.33096008391092746,0.2190166138986082,0.4445793074115931
OH,ushouse,OH-12,dem two party voteshare,0.33062208678366667,0.21718437922409803,0.4424991263845942
OH,ushouse,OH-14,dem two party voteshare,0.33044307421653296,0.2173639491530325,0.44463889212844204
OH,ushouse,OH-15,dem two party voteshare,0.3303283457783107,0.21716223164883572,0.4437561829225497
OH,ushouse,OH-16,dem two party voteshare,0.32946895685536026,0.2143705330189077,0.4449615116850688
OK,ushouse,OK-01,dem two party voteshare,0.3300108552899098,0.2175620869127314,0.44586977571788183
OK,ushouse,OK-02,dem two party voteshare,0.33052900408827607,0.21390087978483713,0.44409907751356736
OK,ushouse,OK-03,dem two party voteshare,0.33041658097195903,0.2173778657258737,0.4463544776275208
OK,ushouse,OK-04,dem two party voteshare,0.33016411477121876,0.21669293260887434,0.4423055103720768
OR,ushouse,OR-02,dem two party voteshare,0.3302527080755575,0.21474589690316692,0.44273132881762656
PA,ushouse,PA-09,dem two party voteshare,0.330682102142685,0.21669674495832694,0.4458001127257311
PA,ushouse,PA-11,dem two party voteshare,0.3304230441822642,0.21864186008307243,0.44534469759750706
PA,ushouse,PA-12,dem two party voteshare,0.3308257760713496,0.21588061911428796,0.4431032513393502
PA,ushouse,PA-13,dem two party voteshare,0.33047470695381526,0.2179721738552908,0.4445912034588929
PA,ushouse,PA-14,dem two party voteshare,0.3308603124464793,0.2176480545600829,0.44313760400777835
PA,ushouse,PA-15,dem two party voteshare,0.3291725918159383,0.21668270459729388,0.4434795182565596
PA,ushouse,PA-16,dem two party voteshare,0.3305853511000313,0.2156860520524093,0.4447035471687648
SC,ushouse,SC-02,dem two party voteshare,0.3304480864255811,0.21544447805222788,0.44215677726961317
SC,ushouse,SC-03,dem two party voteshare,0.32952229237436886,0.21507958042975753,0.44510826822839195
SC,ushouse,SC-04,dem two party voteshare,0.3302839098746402,0.2179593615138788,0.44538463071778145
SC,ushouse,SC-05,dem two party voteshare,0.3304800841696313,0.2176349979521095,0.44448352569804866
SC,ushouse,SC-07,dem two party voteshare,0.330470800732456,0.2155775927590817,0.44237059166523457
SD,ushouse,SD-01,dem two party voteshare,0.33002101475541823,0.21764230039449883,0.44335247576690906
TN,ushouse,TN-01,dem two party voteshare,0.3295541564875507,0.21610005433564772,0.4438464569902027
TN,ushouse,TN-02,dem two party voteshare,0.3305073636351865,0.2163943928106759,0.44454146768874303
TN,ushouse,TN-03,dem two party voteshare,0.3297298529827122,0.21679239683227666,0.4441223567926316
TN,ushouse,TN-04,dem two party voteshare,0.330441222449044,0.21554448468327353,0.4458917277822395
TN,ushouse,TN-06,dem two party voteshare,0.330923509405957,0.21433138327193876,0.4460488199855872
TN,ushouse,TN-07,dem two party voteshare,0.33053399008432527,0.21531754738699949,0.4453531452654829
TN,ushouse,TN-08,dem two party voteshare,0.33034112088816764,0.21675514931674136,0.4463685561351194
TX,ushouse,TX-01,dem two party voteshare,0.33073482596558823,0.21774743441859207,0.44381583420930865
TX,ushouse,TX-02,dem two party voteshare,0.33061333024585293,0.21505670551378456,0.4474697312717264
TX,ushouse,TX-04,dem two party voteshare,0.33132436782618413,0.21997535606551885,0.4466996226503207
TX,ushouse,TX-05,dem two party voteshare,0.3306117967022892,0.21828998797338303,0.44621312021574805
TX,ushouse,TX-08,dem two party voteshare,0.3314052151979683,0.21747231571178513,0.44657910268352907
TX,ushouse,TX-11,dem two party voteshare,0.32983933664320875,0.2192078970885459,0.44441239443841657
TX,ushouse,TX-12,dem two party voteshare,0.32980276506630496,0.21521982042117105,0.44130713706957947
TX,ushouse,TX-13,dem two party voteshare,0.3298137244621292,0.21666066655707758,0.4458923808077238
TX,ushouse,TX-14,dem two party voteshare,0.3311558747172969,0.21843493723522167,0.44501236632034585
TX,ushouse,TX-17,dem two party voteshare,0.3300952883808515,0.21541550022919542,0.44571759698844715
TX,ushouse,TX-19,dem two party voteshare,0.33026163249846674,0.2188731946076818,0.44383405674423937
TX,ushouse,TX-26,dem two party voteshare,0.3309679063950216,0.21798849670771425,0.44266294147319857
TX,ushouse,TX-27,dem two party voteshare,0.33006441933906755,0.21344034900759426,0.4443976979606847
TX,ushouse,TX-31,dem two party voteshare,0.3307732627147049,0.2174760798040011,0.4461028205589531
TX,ushouse,TX-36,dem two party voteshare,0.3296966135453416,0.21527105711926797,0.44155785191494556
UT,ushouse,UT-01,dem two party voteshare,0.330986015027762,0.21494403610909468,0.44590387738107545
UT,ushouse,UT-02,dem two party voteshare,0.3293005279005181,0.21758116249500645,0.4433784327934447
UT,ushouse,UT-03,dem two party voteshare,0.3302163170978777,0.21462193191034346,0.446200754946277
VA,ushouse,VA-01,dem two party voteshare,0.33046273562751216,0.21520598304708544,0.4449208152744816
VA,ushouse,VA-06,dem two party voteshare,0.32981465884984107,0.21354670441628917,0.44478095378679816
VA,ushouse,VA-09,dem two party voteshare,0.3305094433026565,0.2161940214378445,0.44533370041140347
WA,ushouse,WA-04,dem two party voteshare,0.33025964434047067,0.21532452326206677,0.4431449521053395
WA,ushouse,WA-05,dem two party voteshare,0.3299753438227525,0.21465734669537345,0.44609780584838565
WV,ushouse,WV-01,dem two party voteshare,0.33075938968579854,0.21626299849922523,0.44530757208125543
WV,ushouse,WV-02,dem two party voteshare,0.3304523067930815,0.21700131584263024,0.44516804063000526
WV,ushouse,WV-03,dem two party voteshare,0.3307543823068091,0.21763325339786807,0.44473585575705615
WI,ushouse,WI-01,dem two party voteshare,0.33045969742756415,0.2155206058383615,0.44437871085486996
WI,ushouse,WI-05,dem two party voteshare,0.33026528734322635,0.21489008824461533,0.44463986892786417
WI,ushouse,WI-06,dem two party voteshare,0.3310107393812692,0.21524833070638916,0.4445034321272574
WI,ushouse,WI-07,dem two party voteshare,0.32968418911598235,0.21445391823341972,0.446400793700284
WI,ushouse,WI-08,dem two party voteshare,0.3312036707123659,0.21927611269628125,0.44514988561793745
WY,ushouse,WY-01,dem two party voteshare,0.32992822118299925,0.2169771282113658,0.44274283324057034
AL,ushouse,AL-07,dem two party voteshare,0.6698589057020077,0.5543004830804562,0.7832322823147296
AZ,ushouse,AZ-02,dem two party voteshare,0.6702172758219391,0.5560926312793563,0.7844732589920276
AZ,ushouse,AZ-03,dem two party voteshare,0.6710083265858379,0.5551148008399862,0.7878272198511773
AZ,ushouse,AZ-07,dem two party voteshare,0.6703571502268986,0.5541707187985668,0.7854208636334744
AZ,ushouse,AZ-09,dem two party voteshare,0.6708666248366395,0.5582563731345549,0.7835976064648134
CA,ushouse,CA-02,dem two party voteshare,0.6703338832062724,0.5562515261872084,0.7835682129538949
CA,ushouse,CA-03,dem two party voteshare,0.6695773243577953,0.5571840791812606,0.7841912174940677
CA,ushouse,CA-05,dem two party voteshare,0.6705533276987996,0.5566381201433211,0.7875405005266277
CA,ushouse,CA-06,dem two party voteshare,0.6711367820857861,0.5563027924007093,0.7843216316796622
CA,ushouse,CA-07,dem two party voteshare,0.6698769150880107,0.5554566640616662,0.7846196560705002
CA,ushouse,CA-09,dem two party voteshare,0.6714731702119929,0.5562163924691129,0.7870162044177218
CA,ushouse,CA-10,dem two party voteshare,0.6699426968912956,0.5531947728723775,0.7850336084728479
CA,ushouse,CA-11,dem two party voteshare,0.6700463374835759,0.5520146899368672,0.7825203245072142
CA,ushouse,CA-12,dem two party voteshare,0.6706258890866897,0.5541648841752921,0.7852498374048531
CA,ushouse,CA-13,dem two party voteshare,0.6696538952067796,0.5568743158759971,0.7855748103720883
CA,ushouse,CA-14,dem two party voteshare,0.669257738791127,0.5537800811442113,0.7818153620189993
CA,ushouse,CA-15,dem two party voteshare,0.6699785476621489,0.5566441732123881,0.785096754565388
CA,ushouse,CA-16,dem two party voteshare,0.6707854569433415,0.5565424143444241,0.7856279224410987
CA,ushouse,CA-17,dem two party voteshare,0.6695762653113088,0.5563132515777085,0.7836237018937169
CA,ushouse,CA-18,dem two party voteshare,0.670050751683197,0.5557167848835122,0.7848684462173166
CA,ushouse,CA-19,dem two party voteshare,0.6703513171416747,0.5578460051715346,0.7845087126036345
CA,ushouse,CA-20,dem two party voteshare,0.6702206162557008,0.5551149115047717,0.7873967726030503
CA,ushouse,CA-24,dem two party voteshare,0.6701236552203423,0.5547006552658297,0.785016085879863
CA,ushouse,CA-26,dem two party voteshare,0.6702193769716581,0.5567615721935824,0.787154455150136
CA,ushouse,CA-27,dem two party voteshare,0.6700894558441278,0.5564784691404986,0.7849344873511818
CA,ushouse,CA-28,dem two party voteshare,0.6700848637885519,0.5544287791505674,0.7839318089130407
CA,ushouse,CA-29,dem two party voteshare,0.6709589328665645,0.5556645690657382,0.7871206333753638
CA,ushouse,CA-30,dem two party voteshare,0.6713131379174346,0.5573948570577638,0.7846146114200087
CA,ushouse,CA-31,dem two party voteshare,0.6704246620862058,0.5547172952032543,0.7847056096935823
CA,ushouse,CA-32,dem two party voteshare,0.671087149121072,0.5568236740908288,0.7856032505578244
CA,ushouse,CA-33,dem two party voteshare,0.6712185125218721,0.5569162449676233,0.7860909614941969
CA,ushouse,CA-34,dem two party voteshare,0.6703089619563335,0.5588269072954315,0.7843817805972517
CA,ushouse,CA-35,dem two party voteshare,0.6702106827710113,0.5536038521875323,0.7843890644300585
CA,ushouse,CA-36,dem two party voteshare,0.6702696713330605,0.5542598087468146,0.7868091316872582
CA,ushouse,CA-37,dem two party voteshare,0.6701816083922559,0.5559294172995118,0.7845959132278227
CA,ushouse,CA-38,dem two party voteshare,0.6697235651639688,0.5553026320789378,0.7829849786905189
CA,ushouse,CA-40,dem two party voteshare,0.6702189694812126,0.5578929276795135,0.7831867031358033
CA,ushouse,CA-41,dem two party voteshare,0.6693979073880376,0.5545215698458434,0.7822039450430178
CA,ushouse,CA-43,dem two party voteshare,0.6696848054019189,0.5549966623809797,0.7830552556948649
CA,ushouse,CA-44,dem two party voteshare,0.6709982387576486,0.5554457902575677,0.7851168835032162
CA,ushouse,CA-45,dem two party voteshare,0.6711791530098141,0.5567926126729676,0.7878173525510735
CA,ushouse,CA-46,dem two party voteshare,0.6703727484005769,0.5538740487813697,0.7829538267461816
CA,ushouse,CA-47,dem two party voteshare,0.6705541814626237,0.55370128694267,0.7834231799977426
CA,ushouse,CA-49,dem two party voteshare,0.6706936264407446,0.5568210427538437,0.7863280490441686
CA,ushouse,CA-51,dem two party voteshare,0.6704098364324981,0.5548509515247985,0.784929654271374
CA,ushouse,CA-52,dem two party voteshare,0.6708887639362769,0.5574678764763816,0.7850331968957668
CA,ushouse,CA-53,dem two party voteshare,0.6700992029908545,0.5557456368709198,0.7862226591326333
CO,ushouse,CO-01,dem two party voteshare,0.67104724519335,0.5578463803204604,0.7856881039149156
CO,ushouse,CO-02,dem two party voteshare,0.6704009234980179,0.5572670766328305,0.7850613219371786
CO,ushouse,CO-06,dem two party voteshare,0.6702043185562814,0.5570022910723302,0.7836633663367677
CO,ushouse,CO-07,dem two party voteshare,0.6699581228055888,0.5568625144036164,0.7829702470948288
CT,ushouse,CT-01,dem two party voteshare,0.6719747113082326,0.5571853541528469,0.7890211491975498
CT,ushouse,CT-02,dem two party voteshare,0.6699285082332029,0.5543633896489264,0.7832622912407573
CT,ushouse,CT-03,dem two party voteshare,0.6703522734821709,0.5550749269079418,0.7847926128363512
CT,ushouse,CT-04,dem two party voteshare,0.6693559399560554,0.5529194733664975,0.7827351423134629
CT,ushouse,CT-05,dem two party voteshare,0.6698790220122968,0.5570049401822431,0.7816699640655621
DE,ushouse,DE-01,dem two party voteshare,0.6704729718121701,0.5517749585577634,0.7829962748553219
FL,ushouse,FL-05,dem two party voteshare,0.6702602776173917,0.5535120643472852,0.7827049438610347
FL,ushouse,FL-07,dem two party voteshare,0.6704630011906555,0.5572897616867162,0.7847823744718996
FL,ushouse,FL-09,dem two party voteshare,0.6702641728789995,0.5566497905829173,0.7836097107212371
FL,ushouse,FL-10,dem two party voteshare,0.6705144583394451,0.5583791692225535,0.7848023115004695
FL,ushouse,FL-13,dem two party voteshare,0.6700597567198823,0.5560996921204641,0.7852048299492912
FL,ushouse,FL-14,dem two party voteshare,0.671029288075832,0.5583258716178143,0.7864291823331259
FL,ushouse,FL-20,dem two party voteshare,0.6696977069711878,0.5527710131567876,0.7854307556443239
FL,ushouse,FL-21,dem two party voteshare,0.67059336807269,0.5570811747925598,0.7863365950168182
FL,ushouse,FL-22,dem two party voteshare,0.6702315841424181,0.5547741484485937,0.7843962291067113
FL,ushouse,FL-23,dem two party voteshare,0.6703355014396453,0.5548378044897293,0.7844740038961625
FL,ushouse,FL-24,dem two party voteshare,0.669696103225403,0.5545954061477123,0.7832427388315353
FL,ushouse,FL-27,dem two party voteshare,0.6709322518880375,0.5571394409949533,0.7845415222736336
GA,ushouse,GA-02,dem two party voteshare,0.6707871905834654,0.5560597089182153,0.7851706753475679
GA,ushouse,GA-04,dem two party voteshare,0.6703273363201584,0.558745819903602,0.7823964876143681
GA,ushouse,GA-05,dem two party voteshare,0.6706017954704353,0.5572278701807791,0.7851757828941978
GA,ushouse,GA-13,dem two party voteshare,0.6710015605783054,0.5555196362921981,0.7868516189331408
HI,ushouse,HI-01,dem two party voteshare,0.6704346676307509,0.5565686218438283,0.7854074757626043
HI,ushouse,HI-02,dem two party voteshare,0.6701199128324783,0.5565817983238428,0.7812509915689257
IL,ushouse,IL-01,dem two party voteshare,0.6700657718968858,0.5559729014883996,0.7841246171302829
IL,ushouse,IL-02,dem two party voteshare,0.6697663492588114,0.5544127891777839,0.783328979406681
IL,ushouse,IL-03,dem two party voteshare,0.6698315154840686,0.5548975625348581,0.7852168465690368
IL,ushouse,IL-04,dem two party voteshare,0.6700697210089264,0.557312400274553,0.7824358399629452
IL,ushouse,IL-05,dem two party voteshare,0.6700528115911558,0.554274626531539,0.7848442584035698
IL,ushouse,IL-06,dem two party voteshare,0.6697397687807756,0.5554414490560465,0.7833265449358611
IL,ushouse,IL-07,dem two party voteshare,0.669903016701677,0.5552146807262298,0.7841710287622078
IL,ushouse,IL-08,dem two party voteshare,0.6697835366832705,0.5541064311036038,0.7860929520937915
IL,ushouse,IL-09,dem two party voteshare,0.6698584717392507,0.5548538323210417,0.78341576134043
IL,ushouse,IL-10,dem two party voteshare,0.6700174891766751,0.5568974981896293,0.7839179749839471
IL,ushouse,IL-11,dem two party voteshare,0.670479845661089,0.5561952807442772,0.7841000362136258
IL,ushouse,IL-14,dem two party voteshare,0.6701608555152441,0.5540235970112458,0.7835734182405233
IL,ushouse,IL-17,dem two party voteshare,0.6699867789714675,0.5559957238164933,0.7855678743185228
IN,ushouse,IN-01,dem two party voteshare,0.6703835571265625,0.5589246261604782,0.7867173561006738
IN,ushouse,IN-07,dem two party voteshare,0.6705441822090543,0.558609902165864,0.7838223661203564
KS,ushouse,KS-03,dem two party voteshare,0.6702658825219883,0.5567616097713893,0.7830833241717094
KY,ushouse,KY-03,dem two party voteshare,0.6706292630100413,0.5555617204837427,0.7860060286712423
LA,ushouse,LA-02,dem two party voteshare,0.6702565284601816,0.5557660835715406,0.7820633200568531
ME,ushouse,ME-01,dem two party voteshare,0.6707055256887897,0.5557282509301702,0.7877845567597798
ME,ushouse,ME-02,dem two party voteshare,0.6706426347429395,0.5575020122426196,0.7847449186838337
MD,ushouse,MD-02,dem two party voteshare,0.6696543473215053,0.5539710552502517,0.78370794664923
MD,ushouse,MD-03,dem two party voteshare,0.6705453539241351,0.5583999159685795,0.7847164910824918
MD,ushouse,MD-04,dem two party voteshare,0.670950428359594,0.554669479156921,0.7831242059431154
MD,ushouse,MD-05,dem two party voteshare,0.6705554312813653,0.5569787567955137,0.7857639693381379
MD,ushouse,MD-06,dem two party voteshare,0.6705046073989819,0.556706419342522,0.7845808369396435
MD,ushouse,MD-07,dem two party voteshare,0.6707384921115825,0.5545545713195972,0.783155188590778
MD,ushouse,MD-08,dem two party voteshare,0.6705910296973576,0.5586371271450031,0.7840156140407968
MA,ushouse,MA-01,dem two party voteshare,0.6696137169019619,0.5539144252399905,0.783873818730222
MA,ushouse,MA-02,dem two party voteshare,0.671596797433884,0.5557636574141069,0.7846880129513831
MA,ushouse,MA-03,dem two party voteshare,0.6704551112916081,0.5569930008483006,0.7839896017704158
MA,ushouse,MA-04,dem two party voteshare,0.670402356706927,0.5547509891688519,0.785315074211053
MA,ushouse,MA-05,dem two party voteshare,0.670604870342788,0.5572309808027361,0.7855517305904995
MA,ushouse,MA-06,dem two party voteshare,0.6685151233712612,0.5548845052796839,0.7822207632569367
MA,ushouse,MA-07,dem two party voteshare,0.6699953165141252,0.5556247852776709,0.7853711427593044
MA,ushouse,MA-08,dem two party voteshare,0.6708298837759038,0.5585308280158865,0.7846529713132547
MA,ushouse,MA-09,dem two party voteshare,0.670911540705683,0.5593301140092968,0.7843343285911207
MI,ushouse,MI-05,dem two party voteshare,0.6706949380768696,0.5584776097580247,0.7849242793829211
MI,ushouse,MI-08,dem two party voteshare,0.6704864923796665,0.5541730727496897,0.7839391196898475
MI,ushouse,MI-09,dem two party voteshare,0.671107819741014,0.5562097335102463,0.7844834985021701
MI,ushouse,MI-11,dem two party voteshare,0.6702810762179492,0.5581817482345875,0.7841024628415145
MI,ushouse,MI-12,dem two party voteshare,0.6702396178285691,0.5568605066219818,0.7844151286291549
MI,ushouse,MI-13,dem two party voteshare,0.6699625162168935,0.5591960335389198,0.7824053216729144
MI,ushouse,MI-14,dem two party voteshare,0.670235704195375,0.5562683323089921,0.7842396230726009
MN,ushouse,MN-02,dem two party voteshare,0.6697518321690638,0.5584342057857786,0.7852249862556678
MN,ushouse,MN-03,dem two party voteshare,0.6703510697098559,0.5601955620700637,0.7822480269014923
MN,ushouse,MN-04,dem two party voteshare,0.6706991741636945,0.5554067353957153,0.7864044234362378
MN,ushouse,MN-05,dem two party voteshare,0.670168815620038,0.5574881483204718,0.782580500983656
MS,ushouse,MS-02,dem two party voteshare,0.6708492739359292,0.5590184706540543,0.7849524981742282
MO,ushouse,MO-01,dem two party voteshare,0.6697794501284063,0.5537434295551904,0.7831598030722046
MO,ushouse,MO-05,dem two party voteshare,0.6704147916563292,0.5537891697961721,0.7843634416382179
NV,ushouse,NV-01,dem two party voteshare,0.6697703668229653,0.5566682347707913,0.7870291047061222
NV,ushouse,NV-04,dem two party voteshare,0.6704974571869529,0.5574089360479795,0.7849613502031983
NH,ushouse,NH-02,dem two party voteshare,0.6701905976936511,0.5560917544018604,0.7837381550774941
NJ,ushouse,NJ-01,dem two party voteshare,0.6705505376511919,0.5571578143055836,0.7834055505683751
NJ,ushouse,NJ-03,dem two party voteshare,0.6708405810712553,0.5565200661851223,0.7833671984597441
NJ,ushouse,NJ-05,dem two party voteshare,0.6704504825522696,0.555588964492355,0.7847438069600853
NJ,ushouse,NJ-06,dem two party voteshare,0.670173521371649,0.5554810853348465,0.7853289933941844
NJ,ushouse,NJ-08,dem two party voteshare,0.6694077245884186,0.5544443246593738,0.7833939410594688
NJ,ushouse,NJ-09,dem two party voteshare,0.6703595308989978,0.5554101238562265,0.7855187932050222
NJ,ushouse,NJ-10,dem two party voteshare,0.6714408986117224,0.5598005858190496,0.7851218207999501
NJ,ushouse,NJ-11,dem two party voteshare,0.6704765017624253,0.5554223169168074,0.7842541095706371
NJ,ushouse,NJ-12,dem two party voteshare,0.6705830492499955,0.5578898134018531,0.7846994074678942
NM,ushouse,NM-01,dem two party voteshare,0.6690837592246333,0.5537257702588293,0.7827643701350888
NM,ushouse,NM-03,dem two party voteshare,0.6706396163978029,0.5563794519158263,0.7839389674155874
NY,ushouse,NY-03,dem two party voteshare,0.671037917340103,0.5581775824306888,0.7816843395745254
NY,ushouse,NY-04,dem two party voteshare,0.6696368102438828,0.5547231614681805,0.786067577225821
NY,ushouse,NY-05,dem two party voteshare,0.66921343143515,0.5564044857890028,0.7833197627015792
NY,ushouse,NY-06,dem two party voteshare,0.6693391820881399,0.554216694654019,0.7860783604834798
NY,ushouse,NY-07,dem two party voteshare,0.6693998601602724,0.556559492613131,0.7819895217631322
NY,ushouse,NY-08,dem two party voteshare,0.669541361344022,0.5534473728194216,0.785061986164569
NY,ushouse,NY-09,dem two party voteshare,0.6700672569822109,0.5551831561273295,0.7844775038284941
NY,ushouse,NY-10,dem two party voteshare,0.6700616148090481,0.5549602614991673,0.782703339015134
NY,ushouse,NY-12,dem two party voteshare,0.6697736555927418,0.5571025412244386,0.7815749587798536
NY,ushouse,NY-13,dem two party voteshare,0.6697929273076636,0.5570780409508743,0.7835493670180816
NY,ushouse,NY-14,dem two party voteshare,0.6701804038626197,0.556927747786824,0.7840119205563516
NY,ushouse,NY-15,dem two party voteshare,0.6698639601265779,0.5575105822249943,0.781518338707518
NY,ushouse,NY-16,dem two party voteshare,0.6700565954303782,0.5552685765751119,0.7840331988065623
NY,ushouse,NY-17,dem two party voteshare,0.6700496078304674,0.5565439467723993,0.7849745481607098
NY,ushouse,NY-18,dem two party voteshare,0.670526410106717,0.5551391583762022,0.7830326466203694
NY,ushouse,NY-19,dem two party voteshare,0.6697466785906958,0.5567095768875477,0.7824784380836128
NY,ushouse,NY-20,dem two party voteshare,0.6706670844474889,0.5566358508304826,0.7851455593928296
NY,ushouse,NY-25,dem two party voteshare,0.6707007544696338,0.5566811676899536,0.7839699636784419
NY,ushouse,NY-26,dem two party voteshare,0.6698590372929166,0.558337466792843,0.7833094685036674
NC,ushouse,NC-01,dem two party voteshare,0.6700988463856352,0.5567481572713804,0.7851639337807235
NC,ushouse,NC-04,dem two party voteshare,0.6714555822892662,0.5569890267924734,0.7840350797139561
NC,ushouse,NC-12,dem two party voteshare,0.6708156377743838,0.554654340666462,0.7852610333308556
OH,ushouse,OH-03,dem two party voteshare,0.670316488676938,0.5559648892414158,0.7831996645696198
OH,ushouse,OH-09,dem two party voteshare,0.6701300884580024,0.5540107916717464,0.7875555367373551
OH,ushouse,OH-11,dem two party voteshare,0.6706553012337351,0.5563371087562032,0.7845860627529706
OH,ushouse,OH-13,dem two party voteshare,0.6718471376089102,0.5585723340738309,0.7887574315353648
OR,ushouse,OR-01,dem two party voteshare,0.6699649964795853,0.5567993275787896,0.7815134796192286
OR,ushouse,OR-03,dem two party voteshare,0.6700272173166009,0.5561046384068009,0.78176518419144
OR,ushouse,OR-05,dem two party voteshare,0.6697889030147087,0.5576363061476075,0.7806055534801705
PA,ushouse,PA-02,dem two party voteshare,0.6702518004345784,0.5547675313674968,0.7852712398547019
PA,ushouse,PA-03,dem two party voteshare,0.670287936514409,0.5579713561196545,0.7849265753361446
PA,ushouse,PA-04,dem two party voteshare,0.6701947031951995,0.5563444734599288,0.7826794453199327
PA,ushouse,PA-05,dem two party voteshare,0.6701807684316641,0.5573709659021802,0.7846867384326605
PA,ushouse,PA-06,dem two party voteshare,0.6704557533012235,0.5576038704771205,0.7853646027743294
PA,ushouse,PA-07,dem two party voteshare,0.6704256702487421,0.5566865897239544,0.7844198554907053
PA,ushouse,PA-08,dem two party voteshare,0.669915391256652,0.5561679000720575,0.7827505779960107
PA,ushouse,PA-17,dem two party voteshare,0.670698074765436,0.5561332947266326,0.7840213323406845
PA,ushouse,PA-18,dem two party voteshare,0.6689710113888402,0.5572307163108766,0.7810599563315722
RI,ushouse,RI-01,dem two party voteshare,0.6697696094088855,0.5584525606027715,0.7840629510766174
RI,ushouse,RI-02,dem two party voteshare,0.670490750885508,0.557075860214931,0.784734563188788
SC,ushouse,SC-06,dem two party voteshare,0.6704744471327433,0.557486525442753,0.7850462578674233
TN,ushouse,TN-05,dem two party voteshare,0.6704711085544998,0.5576908590008752,0.7865209839216052
TN,ushouse,TN-09,dem two party voteshare,0.6699843634872127,0.557925402901776,0.7827450374000944
TX,ushouse,TX-09,dem two party voteshare,0.6702524496988799,0.5534324303756566,0.78290240784616
TX,ushouse,TX-15,dem two party voteshare,0.6703651820385387,0.5577344462053734,0.7833118370578913
TX,ushouse,TX-16,dem two party voteshare,0.6706307591005876,0.5571004407507274,0.783644741536419
TX,ushouse,TX-18,dem two party voteshare,0.6702239753626571,0.5545079033940138,0.7848553362814393
TX,ushouse,TX-20,dem two party voteshare,0.6699793104501945,0.5541058039019291,0.7842076212910564
TX,ushouse,TX-28,dem two party voteshare,0.6700922494771319,0.5544998161213675,0.7833878192909138
TX,ushouse,TX-29,dem two party voteshare,0.669532746514368,0.5572356925446758,0.7850867088392007
TX,ushouse,TX-30,dem two party voteshare,0.6697511042934273,0.5555348514732364,0.7845330173895746
TX,ushouse,TX-32,dem two party voteshare,0.6707632006789302,0.5561098605679653,0.7886444370190672
TX,ushouse,TX-33,dem two party voteshare,0.6699081713829572,0.5582316313965838,0.7831162748105236
TX,ushouse,TX-34,dem two party voteshare,0.6696789040646816,0.5569483764515084,0.7857407436838255
TX,ushouse,TX-35,dem two party voteshare,0.6701357065708983,0.5542304282765924,0.7835821226410343
VT,ushouse,VT-01,dem two party voteshare,0.6690693705443473,0.5547768373525083,0.7824590312156421
VA,ushouse,VA-03,dem two party voteshare,0.6702961756446817,0.5551580880593773,0.7850715205648597
VA,ushouse,VA-04,dem two party voteshare,0.6705497334341286,0.5572293454235775,0.7857366296609595
VA,ushouse,VA-08,dem two party voteshare,0.6704354252580622,0.5573102274132921,0.7872759623305927
VA,ushouse,VA-10,dem two party voteshare,0.6702701591105337,0.5569415536743699,0.7861024383683122
VA,ushouse,VA-11,dem two party voteshare,0.6711262346861974,0.5569250110927536,0.7862646524023581
WA,ushouse,WA-01,dem two party voteshare,0.6703145063834659,0.5546568729792009,0.784387381030152
WA,ushouse,WA-02,dem two party voteshare,0.6711231707046081,0.5598970565869078,0.7851154365894767
WA,ushouse,WA-06,dem two party voteshare,0.6699855241432786,0.556546505543017,0.7832493216120818
WA,ushouse,WA-07,dem two party voteshare,0.6694664373685669,0.5564453916675624,0.7832345559879919
WA,ushouse,WA-08,dem two party voteshare,0.6696111137897749,0.5545338201612642,0.7831518258036896
WA,ushouse,WA-09,dem two party voteshare,0.6696501906867716,0.5559024718283719,0.7847816951234567
WA,ushouse,WA-10,dem two party voteshare,0.6702542940559048,0.5570055028693036,0.7836661245347619
WI,ushouse,WI-02,dem two party voteshare,0.6702826738871309,0.5556402917271709,0.787189356572432
WI,ushouse,WI-03,dem two party voteshare,0.6706414639005139,0.5572086332282167,0.7859813205314267
WI,ushouse,WI-04,dem two party voteshare,0.6696020005419803,0.5573932120452046,0.7846330698333808
AK,ushouse,AK-01,dem two party voteshare,0.44076777405133016,0.33122492125848146,0.5564777949189134
CA,ushouse,CA-50,dem two party voteshare,0.44155195151047244,0.3254351762588391,0.5549855917410991
FL,ushouse,FL-16,dem two party voteshare,0.43957328844856763,0.32544643059503225,0.5536531871254361
FL,ushouse,FL-18,dem two party voteshare,0.44026152436667315,0.3258124103652041,0.5541134256386997
MI,ushouse,MI-06,dem two party voteshare,0.4407166239585705,0.327982764279382,0.5546184216876694
OH,ushouse,OH-10,dem two party voteshare,0.4402985493937895,0.32442949500123125,0.5547382427062533
TX,ushouse,TX-06,dem two party voteshare,0.4397766199252701,0.3263389592357206,0.5519002498777434
TX,ushouse,TX-25,dem two party voteshare,0.4406219891519286,0.329319117822543,0.5579958271675435
AZ,ushouse,AZ-01,dem two party voteshare,0.5604591710125872,0.44615954748101927,0.6757679298584881
CA,ushouse,CA-39,dem two party voteshare,0.5618398108489836,0.44898873568072417,0.6778172275237855
GA,ushouse,GA-06,dem two party voteshare,0.5610366271791769,0.44732268876959613,0.6764275874429252
NV,ushouse,NV-03,dem two party voteshare,0.5607807644738566,0.4476765212318882,0.6741670724989577
NH,ushouse,NH-01,dem two party voteshare,0.5598873650223444,0.44692377592828864,0.6727052962677678
NJ,ushouse,NJ-07,dem two party voteshare,0.560578791797793,0.44706951122277117,0.67358941878595
NC,ushouse,NC-02,dem two party voteshare,0.5599266086799178,0.4453020453096673,0.6763822681683752
NC,ushouse,NC-06,dem two party voteshare,0.5604270778909051,0.44616858696149303,0.6782746228343579
OR,ushouse,OR-04,dem two party voteshare,0.5599758974742289,0.44560692875004687,0.6759455998691203
TX,ushouse,TX-07,dem two party voteshare,0.5602748607391628,0.4467982819793363,0.675462378831819
VA,ushouse,VA-02,dem two party voteshare,0.5599073416830724,0.4486643751324733,0.6745959634596592
AZ,ushouse,AZ-06,dem two party voteshare,0.49979149483496604,0.3860322458188353,0.6121908600983723
AR,ushouse,AR-02,dem two party voteshare,0.4997920171333162,0.3836327367965805,0.6146939357528197
CA,ushouse,CA-21,dem two party voteshare,0.5001613428023981,0.38578517701503157,0.614450113140719
CA,ushouse,CA-25,dem two party voteshare,0.501105876633981,0.38776245109198143,0.6151916122091636
IL,ushouse,IL-13,dem two party voteshare,0.5005447016414699,0.38524126246024165,0.6153802326362113
MI,ushouse,MI-03,dem two party voteshare,0.5007610522058108,0.3870047263592376,0.6141621676103568
MN,ushouse,MN-07,dem two party voteshare,0.49966535395595135,0.3861766112511085,0.6150248736081486
NM,ushouse,NM-02,dem two party voteshare,0.5007319751585654,0.3879494671177203,0.6141876133450307
NY,ushouse,NY-02,dem two party voteshare,0.5002549769064031,0.3857827838756149,0.6120721583147701
NY,ushouse,NY-11,dem two party voteshare,0.5003090074149305,0.3847581331104057,0.6165348147419216
OK,ushouse,OK-05,dem two party voteshare,0.4999080352949928,0.3859967921090584,0.6155759007840238
PA,ushouse,PA-10,dem two party voteshare,0.4997803896739642,0.38738743926052166,0.6120450288324419
TX,ushouse,TX-21,dem two party voteshare,0.5011257790846636,0.38628153058999576,0.6173189334358026
TX,ushouse,TX-22,dem two party voteshare,0.500437640353363,0.38670439789859024,0.6129653786520283
VA,ushouse,VA-05,dem two party voteshare,0.5000510169904206,0.38558185774294046,0.6151450390056312
CA,ushouse,CA-48,dem two party voteshare,0.5348538878463738,0.4193037915553955,0.6482870550899339
IA,ushouse,IA-01,dem two party voteshare,0.5352041404784486,0.4222933334706712,0.6484484361465839
IA,ushouse,IA-02,dem two party voteshare,0.5348493824769481,0.42161746084590607,0.6479530392789827
IA,ushouse,IA-03,dem two party voteshare,0.5347958367286954,0.42189820402842804,0.6496576636297025
SC,ushouse,SC-01,dem two party voteshare,0.5346633765804164,0.4205302642903842,0.6479461742675164
CO,ushouse,CO-03,dem two party voteshare,0.48108725387210177,0.36651480811294646,0.5947035815513102
NY,ushouse,NY-24,dem two party voteshare,0.48008288696385415,0.3661804318936627,0.5936163143196111
NC,ushouse,NC-08,dem two party voteshare,0.4803781632714792,0.3653055999148782,0.5916218866511108
FL,ushouse,FL-15,dem two party voteshare,0.4663010161002008,0.35124139996554676,0.5785021156134431
MT,ushouse,MT-01,dem two party voteshare,0.4650281121412424,0.34971099789178933,0.5782398252956288
NY,ushouse,NY-01,dem two party voteshare,0.4647444398278035,0.3518175195441718,0.5783812581670397
NC,ushouse,NC-11,dem two party voteshare,0.46489268239877285,0.3526321377394506,0.5780948497034253
PA,ushouse,PA-01,dem two party voteshare,0.46549378000020986,0.3514376276633301,0.5812442670499468
TX,ushouse,TX-03,dem two party voteshare,0.46541404517815016,0.3505319315250352,0.5812981376118551
TX,ushouse,TX-10,dem two party voteshare,0.46584993718764633,0.34818280785298306,0.5811974649193556
WA,ushouse,WA-03,dem two party voteshare,0.46638244334223616,0.3517952438439605,0.5841295488361619
FL,ushouse,FL-26,dem two party voteshare,0.5207450688957802,0.40812263858590103,0.634511621310196
GA,ushouse,GA-07,dem two party voteshare,0.5200325101310532,0.4031080531280804,0.6346416601678281
IN,ushouse,IN-05,dem two party voteshare,0.520207145098822,0.4068902983772444,0.6327230655241568
MN,ushouse,MN-01,dem two party voteshare,0.521375156361867,0.40841447946934517,0.634117209934899
MO,ushouse,MO-02,dem two party voteshare,0.5207127613321307,0.40414532680584736,0.6375403940077127
NE,ushouse,NE-02,dem two party voteshare,0.5207092258843428,0.40470764689045213,0.6329871123915702
NJ,ushouse,NJ-02,dem two party voteshare,0.5197774558439678,0.40311596651330356,0.6343556730468957
NY,ushouse,NY-22,dem two party voteshare,0.5209725506191191,0.4073407742812746,0.6363373449393959
OH,ushouse,OH-01,dem two party voteshare,0.520407541685203,0.4082743735755955,0.6352145470281854
TX,ushouse,TX-23,dem two party voteshare,0.5206206112137363,0.40585392639216117,0.6346204468320774
TX,ushouse,TX-24,dem two party voteshare,0.5210039922620899,0.40681915266138335,0.6354193550329216
UT,ushouse,UT-04,dem two party voteshare,0.5200343207936998,0.4068823591738013,0.6332710796932071
VA,ushouse,VA-07,dem two party voteshare,0.5200550430005698,0.40563272832890135,0.6351069203091729
DE,governor,DE,dem two party voteshare,0.6705975502697366,0.5540954570468244,0.7859856108771883
WA,governor,WA,dem two party voteshare,0.6701291254587053,0.5550904177390156,0.7838970452135623
IN,governor,IN,dem two party voteshare,0.329381291735729,0.21171944499899992,0.44421548759595303
ND,governor,ND,dem two party voteshare,0.3290022993044467,0.2121855279372773,0.44162775777792995
UT,governor,UT,dem two party voteshare,0.32958959709040647,0.2145684543733236,0.4410155587552465
VT,governor,VT,dem two party voteshare,0.33017895853277174,0.2172058061705652,0.4434951394910111
WV,governor,WV,dem two party voteshare,0.33024783320683465,0.21853260974758,0.44418458680595063
MO,governor,MO,dem two party voteshare,0.46505171480386637,0.35240955981309097,0.5812178570176916
MT,governor,MT,dem two party voteshare,0.4992311443165033,0.3841912471077851,0.6147935046317148
NH,governor,NH,dem two party voteshare,0.4410672767331302,0.3266235055249128,0.5547186806354173
NC,governor,NC,dem two party voteshare,0.5360276189149349,0.4221711060733367,0.6509691576672054
IN,statehouse,IN,dem two party seat share,0.328735,0.22,0.44
WY,statehouse,WY,dem two party seat share,0.329295,0.21666666666666667,0.45
UT,statehouse,UT,dem two party seat share,0.3293773333333333,0.21333333333333335,0.44
SD,statehouse,SD,dem two party seat share,0.3293857142857143,0.21428571428571427,0.44285714285714284
OK,statehouse,OK,dem two party seat share,0.32939900990099014,0.2079207920792079,0.44554455445544555
KS,statehouse,KS,dem two party seat share,0.3295136,0.216,0.44
GA,statehouse,GA,dem two party seat share,0.32957333333333333,0.2111111111111111,0.4444444444444444
TN,statehouse,TN,dem two party seat share,0.32962121212121215,0.21212121212121213,0.4444444444444444
WV,statehouse,WV,dem two party seat share,0.32962600000000003,0.21,0.44
MT,statehouse,MT,dem two party seat share,0.329715,0.22,0.44
AR,statehouse,AR,dem two party seat share,0.329877,0.22,0.44
ID,statehouse,ID,dem two party seat share,0.32995428571428576,0.21428571428571427,0.44285714285714284
KY,statehouse,KY,dem two party seat share,0.32996499999999995,0.22,0.44
ND,statehouse,ND,dem two party seat share,0.330031914893617,0.2127659574468085,0.44680851063829785
SC,statehouse,SC,dem two party seat share,0.33029112903225805,0.21774193548387097,0.4435483870967742
MO,statehouse,MO,dem two party seat share,0.33029877300613497,0.2147239263803681,0.44785276073619634
OH,statehouse,OH,dem two party seat share,0.33047272727272725,0.21212121212121213,0.4444444444444444
WI,statehouse,WI,dem two party seat share,0.33123636363636366,0.21212121212121213,0.4444444444444444
FL,statehouse,FL,dem two party seat share,0.439635,0.325,0.55
AK,statehouse,AK,dem two party seat share,0.4799525,0.375,0.6
PA,statehouse,PA,dem two party seat share,0.4802423645320197,0.3645320197044335,0.5960591133004927
NC,statehouse,NC,dem two party seat share,0.4802666666666667,0.36666666666666664,0.5916666666666667
IA,statehouse,IA,dem two party seat share,0.519651,0.41,0.63
TX,statehouse,TX,dem two party seat share,0.5198833333333334,0.4,0.6333333333333333
MI,statehouse,MI,dem two party seat share,0.5205063636363636,0.4090909090909091,0.6363636363636364
AZ,statehouse,AZ,dem two party seat share,0.533745,0.4166666666666667,0.65
MN,statehouse,MN,dem two party seat share,0.560036567164179,0.44776119402985076,0.6716417910447762
CT,statehouse,CT,dem two party seat share,0.6689443708609272,0.5562913907284768,0.7814569536423841
NV,statehouse,NV,dem two party seat share,0.6692904761904762,0.5476190476190477,0.7857142857142857
MA,statehouse,MA,dem two party seat share,0.6693156250000001,0.55625,0.78125
ME,statehouse,ME,dem two party seat share,0.6694139072847682,0.5562913907284768,0.7814569536423841
WA,statehouse,WA,dem two party seat share,0.6694275510204081,0.5510204081632653,0.7857142857142857
OR,statehouse,OR,dem two party seat share,0.6697016666666666,0.55,0.7833333333333333
VT,statehouse,VT,dem two party seat share,0.669758,0.5533333333333333,0.78
CO,statehouse,CO,dem two party seat share,0.6698092307692307,0.5538461538461539,0.7846153846153846
NM,statehouse,NM,dem two party seat share,0.6699328571428571,0.5571428571428572,0.7857142857142857
CA,statehouse,CA,dem two party seat share,0.66996875,0.5625,0.775
RI,statehouse,RI,dem two party seat share,0.6699906666666666,0.56,0.7866666666666666
HI,statehouse,HI,dem two party seat share,0.6700627450980392,0.5490196078431373,0.7843137254901961
NH,statehouse,NH,dem two party seat share,0.6704297499999999,0.5575,0.785
IL,statehouse,IL,dem two party seat share,0.67045,0.559322033898305,0.788135593220339
DE,statehouse,DE,dem two party seat share,0.6705317073170732,0.5609756097560976,0.7804878048780488
NY,statehouse,NY,dem two party seat share,0.6708226666666667,0.5533333333333333,0.7866666666666666
OK,statesenate,OK,dem two party seat share,0.32856250000000004,0.20833333333333334,0.4375
UT,statesenate,UT,dem two party seat share,0.3289551724137931,0.20689655172413793,0.4482758620689655
AR,statesenate,AR,dem two party seat share,0.32919714285714285,0.2,0.45714285714285713
FL,statesenate,FL,dem two party seat share,0.3291975,0.225,0.45
MT,statesenate,MT,dem two party seat share,0.329288,0.22,0.44
GA,statesenate,GA,dem two party seat share,0.32945357142857146,0.21428571428571427,0.44642857142857145
SC,statesenate,SC,dem two party seat share,0.32950869565217394,0.21739130434782608,0.43478260869565216
SD,statesenate,SD,dem two party seat share,0.32972285714285715,0.2,0.42857142857142855
IN,statesenate,IN,dem two party seat share,0.329754,0.22,0.44
ND,statesenate,ND,dem two party seat share,0.3298106382978723,0.2127659574468085,0.44680851063829785
TN,statesenate,TN,dem two party seat share,0.3299151515151515,0.21212121212121213,0.45454545454545453
ID,statesenate,ID,dem two party seat share,0.32994,0.22857142857142856,0.45714285714285713
TX,statesenate,TX,dem two party seat share,0.32997419354838714,0.22580645161290322,0.45161290322580644
KS,statesenate,KS,dem two party seat share,0.329995,0.225,0.45
WY,statesenate,WY,dem two party seat share,0.33003666666666664,0.23333333333333334,0.43333333333333335
OH,statesenate,OH,dem two party seat share,0.3300393939393939,0.21212121212121213,0.45454545454545453
AK,statesenate,AK,dem two party seat share,0.33008000000000004,0.2,0.45
WI,statesenate,WI,dem two party seat share,0.33013333333333333,0.21212121212121213,0.45454545454545453
MO,statesenate,MO,dem two party seat share,0.33029411764705885,0.20588235294117646,0.4411764705882353
IA,statesenate,IA,dem two party seat share,0.33033,0.22,0.44
NE,statesenate,NE,dem two party seat share,0.3305387755102041,0.22448979591836735,0.4489795918367347
KY,statesenate,KY,dem two party seat share,0.33069736842105263,0.21052631578947367,0.4473684210526316
PA,statesenate,PA,dem two party seat share,0.439088,0.32,0.56
WV,statesenate,WV,dem two party seat share,0.4643294117647059,0.35294117647058826,0.5882352941176471
NC,statesenate,NC,dem two party seat share,0.47997999999999996,0.36,0.6
MN,statesenate,MN,dem two party seat share,0.5336611940298507,0.417910447761194,0.6417910447761194
AZ,statesenate,AZ,dem two party seat share,0.53395,0.43333333333333335,0.6333333333333333
NH,statesenate,NH,dem two party seat share,0.5342083333333333,0.4166666666666667,0.6666666666666666
CA,statesenate,CA,dem two party seat share,0.66911,0.55,0.775
CO,statesenate,CO,dem two party seat share,0.6692542857142857,0.5428571428571428,0.7714285714285715
ME,statesenate,ME,dem two party seat share,0.6692885714285715,0.5428571428571428,0.7714285714285715
CT,statesenate,CT,dem two party seat share,0.6693416666666666,0.5555555555555556,0.7777777777777778
IL,statesenate,IL,dem two party seat share,0.6693728813559322,0.559322033898305,0.7796610169491526
VT,statesenate,VT,dem two party seat share,0.6694266666666666,0.5666666666666667,0.8
NV,statesenate,NV,dem two party seat share,0.6696333333333333,0.5714285714285714,0.7619047619047619
MA,statesenate,MA,dem two party seat share,0.669835,0.55,0.775
HI,statesenate,HI,dem two party seat share,0.66986,0.56,0.8
RI,statesenate,RI,dem two party seat share,0.6698815789473684,0.5526315789473685,0.7894736842105263
NY,statesenate,NY,dem two party seat share,0.6698968253968254,0.5555555555555556,0.7777777777777778
DE,statesenate,DE,dem two party seat share,0.6702047619047619,0.5714285714285714,0.7619047619047619
OR,statesenate,OR,dem two party seat share,0.6703399999999999,0.5666666666666667,0.8
NM,statesenate,NM,dem two party seat share,0.6704119047619047,0.5476190476190477,0.7857142857142857
WA,statesenate,WA,dem two party seat share,0.6705367346938775,0.5510204081632653,0.7755102040816326
