state,office,district,potential_power,pr_close,pr_tip,realized_power
AZ,ussenate,AZ,12.5,0.4979649589837407,0.1686667,1.0498763293427862
ME,ussenate,ME,12.5,0.4979649589837407,0.1626667,1.0125289574190057
IA,ussenate,IA,12.5,0.4979649589837407,0.1573333,0.9793308785159571
CO,ussenate,CO,12.5,0.4979649589837407,0.148,0.9212351741199202
NC,ussenate,NC,12.5,0.4979649589837407,0.1466667,0.9129359656222575
MT,ussenate,MT,12.5,0.4979649589837407,0.1173333,0.7303483990240868
GA,ussenate,GA,12.5,0.4979649589837407,0.116,0.722049190526424
SC,ussenate,SC,12.5,0.4979649589837407,0.1086667,0.6764026101049807
PA,president,,25.0,0.096117527413216,0.26885,0.6460299311260779
NM,ussenate,NM,12.5,0.4979649589837407,0.1026667,0.6390552381812001
AK,ussenate,AK,12.5,0.4979649589837407,0.0813333,0.5062641674814035
MI,ussenate,MI,12.5,0.4979649589837407,0.0753333,0.46891679555762295
KS,ussenate,KS,12.5,0.4979649589837407,0.072,0.44816846308536656
MS,ussenate,MS,12.5,0.4979649589837407,0.0653333,0.4066711756846553
TX,ussenate,TX,12.5,0.4979649589837407,0.064,0.3983719671869926
FL,president,,25.0,0.096117527413216,0.14365,0.3451820703227119
MN,ussenate,MN,12.5,0.4979649589837407,0.0553333,0.34442555581168777
LA,ussenate,LA,12.5,0.4979649589837407,0.0493333,0.30707818388790714
TX,statehouse,,1.0966038340478594,0.2796488101665117,1.0,0.3066639574155188
MI,president,,25.0,0.096117527413216,0.126325,0.30355116626186274
GA,ussenate,GA-S,12.5,0.4979649589837407,0.0466667,0.29047976689258165
NC,governor,,0.7934484701799508,0.2828044714427257,1.0,0.2243907752262803
SD,ussenate,SD,12.5,0.4979649589837407,0.0346667,0.21578502304502056
WI,president,,25.0,0.096117527413216,0.084475,0.2029882032057855
AR,ussenate,AR,12.5,0.4979649589837407,0.0273333,0.1701378201673785
WV,ussenate,WV,12.5,0.4979649589837407,0.026,0.16183861166971572
NE,ussenate,NE,12.5,0.4979649589837407,0.0246667,0.15353940317205295
KY,ussenate,KY,12.5,0.4979649589837407,0.0226667,0.14109027919745945
PA,statehouse,,0.48931596902153773,0.2755071187036618,1.0,0.1348100327608141
TN,ussenate,TN,12.5,0.4979649589837407,0.0213333,0.13279044824359792
NC,president,,25.0,0.096117527413216,0.0526,0.12639454854837903
MI,statehouse,,0.3819112922467705,0.32877145518940215,1.0,0.12556153130523579
NC,statehouse,,0.3967242350899754,0.3092971609420117,1.0,0.1227056795902206
VA,ussenate,VA,12.5,0.4979649589837407,0.0186667,0.11619203124827242
NC,statesenate,,0.3967242350899754,0.28135502093248,1.0,0.11162035546816214
MN,president,,25.0,0.096117527413216,0.045725,0.10987434852423253
AZ,president,,25.0,0.096117527413216,0.044975,0.10807214488523473
NH,ussenate,NH,12.5,0.4979649589837407,0.0166667,0.10374290727367888
AL,ussenate,AL,12.5,0.4979649589837407,0.0153333,0.09544307631981738
MO,governor,,0.4681434766517746,0.1977660134017454,1.0,0.09258286907745454
DE,ussenate,DE,12.5,0.4979649589837407,0.0146667,0.09129378329908537
VA,president,,25.0,0.096117527413216,0.037975,0.09125157758792193
WY,ussenate,WY,12.5,0.4979649589837407,0.014,0.08714386782215462
AZ,statehouse,,0.2740051902598594,0.3063278930855953,1.0,0.08393543262682042
GA,president,,25.0,0.096117527413216,0.034775,0.08356217539486466
AZ,statesenate,,0.2740051902598594,0.2945139440942488,1.0,0.08069834928572625
TX,president,,25.0,0.096117527413216,0.032075,0.07707424229447257
NV,president,,25.0,0.096117527413216,0.0317,0.07617314047497367
NM,president,,25.0,0.096117527413216,0.02755,0.06620094700585251
MN,statesenate,,0.2143848384983207,0.30809327717816887,1.0,0.06605052747026009
TX,ushouse,7,12.5,0.23132245301351698,0.0223,0.06448113377751787
NV,ushouse,3,12.5,0.23132245301351698,0.0219,0.06332452151245027
NH,ushouse,1,12.5,0.23132245301351698,0.0212,0.061300450048582
TX,ushouse,23,12.5,0.23132245301351698,0.0207,0.05985468471724752
NH,president,,25.0,0.096117527413216,0.02485,0.05971301390546043
AZ,ushouse,1,12.5,0.23132245301351698,0.0205,0.059276378584713726
NJ,ushouse,3,12.5,0.23132245301351698,0.0201,0.05811976631964614
IL,ussenate,IL,12.5,0.4979649589837407,0.0093333,0.05809570439603683
NC,ushouse,2,12.5,0.23132245301351698,0.02,0.057830613253379244
IA,ushouse,3,12.5,0.23132245301351698,0.02,0.057830613253379244
NJ,ushouse,7,12.5,0.23132245301351698,0.02,0.057830613253379244
CO,president,,25.0,0.096117527413216,0.023825,0.05725000226549677
ME,ushouse,2,12.5,0.23132245301351698,0.0195,0.05638484792204476
PA,ushouse,8,12.5,0.23132245301351698,0.0194,0.056095694855777874
PA,ushouse,17,12.5,0.23132245301351698,0.0193,0.05580654178951098
NC,ushouse,6,12.5,0.23132245301351698,0.0191,0.055228235656977175
KS,ushouse,3,12.5,0.23132245301351698,0.019,0.05493908259071028
CA,ushouse,39,12.5,0.23132245301351698,0.0187,0.0540716233919096
NY,ushouse,22,12.5,0.23132245301351698,0.0184,0.0532041641931089
CA,ushouse,48,12.5,0.23132245301351698,0.0183,0.052915011126842014
GA,ushouse,7,12.5,0.23132245301351698,0.018,0.052047551928041315
CA,ushouse,21,12.5,0.23132245301351698,0.0179,0.05175839886177442
VA,ushouse,7,12.5,0.23132245301351698,0.0179,0.05175839886177442
VA,ushouse,2,12.5,0.23132245301351698,0.0176,0.05089093966297374
TX,ushouse,32,12.5,0.23132245301351698,0.0174,0.05031263353043994
OR,ussenate,OR,12.5,0.4979649589837407,0.008,0.04979649589837407
SC,ushouse,1,12.5,0.23132245301351698,0.0169,0.048866868199105455
MN,ushouse,7,12.5,0.23132245301351698,0.0168,0.04857771513283857
IA,ushouse,2,12.5,0.23132245301351698,0.0167,0.04828856206657167
IA,ushouse,1,12.5,0.23132245301351698,0.0165,0.04771025593403788
GA,ushouse,6,12.5,0.23132245301351698,0.0164,0.04742110286777099
UT,ushouse,4,12.5,0.23132245301351698,0.0164,0.04742110286777099
NM,ushouse,2,12.5,0.23132245301351698,0.0163,0.047131949801504085
MN,statehouse,,0.2143848384983207,0.20105079185205052,1.0,0.043102241541161344
NY,ushouse,2,12.5,0.23132245301351698,0.0143,0.04134888847616616
CA,ushouse,25,12.5,0.23132245301351698,0.0142,0.04105973540989927
TX,ushouse,24,12.5,0.23132245301351698,0.0139,0.040192276211098575
NY,ushouse,11,12.5,0.23132245301351698,0.0139,0.040192276211098575
IA,statehouse,,0.12058600092819752,0.33285121573394283,1.0,0.0401371970094449
FL,ushouse,26,12.5,0.23132245301351698,0.0136,0.03932481701229788
NE,ushouse,2,12.5,0.23132245301351698,0.0135,0.03903566394603099
TX,ushouse,22,12.5,0.23132245301351698,0.013,0.037589898614696506
NJ,ushouse,2,12.5,0.23132245301351698,0.0123,0.03556582715082824
OH,ushouse,1,12.5,0.23132245301351698,0.0122,0.035276674084561345
OK,ushouse,5,12.5,0.23132245301351698,0.0122,0.035276674084561345
MA,ussenate,MA,12.5,0.4979649589837407,0.0053333,0.0331974564468498
MT,governor,,0.08117441481049119,0.3299188798947427,1.0,0.026780972010388468
CT,statesenate,,0.13649987088873888,0.19508064914397882,1.0,0.02662848342104448
PA,ushouse,1,12.5,0.23132245301351698,0.0082,0.023710551433885493
NY,ushouse,24,12.5,0.23132245301351698,0.0081,0.023421398367618595
PA,ushouse,10,12.5,0.23132245301351698,0.0081,0.023421398367618595
MI,ushouse,3,12.5,0.23132245301351698,0.0075,0.021686479970017217
TX,ushouse,21,12.5,0.23132245301351698,0.0075,0.021686479970017217
NH,governor,,0.10365166723776059,0.2039027133486335,1.0,0.021134856192889045
IL,ushouse,13,12.5,0.23132245301351698,0.0073,0.021108173837483424
MN,ushouse,1,12.5,0.23132245301351698,0.0072,0.02081902077121653
MO,ushouse,2,12.5,0.23132245301351698,0.0057,0.016481724777213085
OH,president,,25.0,0.096117527413216,0.006575,0.01579931856854738
IN,ushouse,5,12.5,0.23132245301351698,0.0054,0.015614265578412397
NC,ushouse,8,12.5,0.23132245301351698,0.0054,0.015614265578412397
MT,ushouse,1,12.5,0.23132245301351698,0.0052,0.015035959445878603
IA,president,,25.0,0.096117527413216,0.005925,0.014237408748082618
AZ,ushouse,6,12.5,0.23132245301351698,0.0048,0.013879347180811017
AR,ushouse,2,12.5,0.23132245301351698,0.0047,0.013590194114544124
NH,statesenate,,0.051825833618880296,0.25025093891845446,1.0,0.012969463523356397
WV,statesenate,,0.06899494770619499,0.18450645046849054,1.0,0.012730012901529161
NJ,ussenate,NJ,12.5,0.4979649589837407,0.002,0.012449123974593518
RI,ussenate,RI,12.5,0.4979649589837407,0.002,0.012449123974593518
FL,ushouse,15,12.5,0.23132245301351698,0.0039,0.011276969584408953
NH,statehouse,,0.051825833618880296,0.20221913125535212,1.0,0.010480175050994396
ME,statehouse,,0.05113604919492079,0.20145200830641366,1.0,0.01030145980717236
CA,statesenate,,1.5113456020197904,0.005858831279999552,1.0,0.008854718888003302
TX,statesenate,,1.0966038340478594,0.007792728094731922,1.0,0.008545535506375495
CA,statehouse,,1.5113456020197904,0.005649791426519182,1.0,0.008538787424798884
AK,statehouse,,0.028175099481325516,0.30265994530533197,1.0,0.008527474067990268
ME,president,,25.0,0.096117527413216,0.0034,0.008169989830123358
CO,ushouse,3,12.5,0.23132245301351698,0.0027,0.007807132789206198
IL,president,,25.0,0.096117527413216,0.00265,0.006367786191125559
TX,ushouse,6,12.5,0.23132245301351698,0.0021,0.006072214391604821
TX,ushouse,25,12.5,0.23132245301351698,0.0021,0.006072214391604821
OH,ushouse,10,12.5,0.23132245301351698,0.0021,0.006072214391604821
FL,statehouse,,0.8137777016645245,0.007297616552089053,1.0,0.005938637625388021
FL,statesenate,,0.8137777016645245,0.006859854241742305,1.0,0.005582396418598692
CA,ushouse,10,12.5,0.23132245301351698,0.0019,0.005493908259071028
VA,ushouse,5,12.5,0.23132245301351698,0.0018,0.005204755192804132
MI,ushouse,6,12.5,0.23132245301351698,0.0018,0.005204755192804132
NY,statehouse,,0.7466440333422671,0.006637984808605769,1.0,0.004956211750762108
CA,ushouse,28,12.5,0.23132245301351698,0.0017,0.004915602126537235
CA,ushouse,13,12.5,0.23132245301351698,0.0017,0.004915602126537235
WA,ushouse,3,12.5,0.23132245301351698,0.0017,0.004915602126537235
FL,ushouse,24,12.5,0.23132245301351698,0.0017,0.004915602126537235
CA,ushouse,11,12.5,0.23132245301351698,0.0016,0.00462644906027034
MS,ushouse,2,12.5,0.23132245301351698,0.0016,0.00462644906027034
CT,ushouse,1,12.5,0.23132245301351698,0.0016,0.00462644906027034
CO,ushouse,2,12.5,0.23132245301351698,0.0016,0.00462644906027034
TX,ushouse,2,12.5,0.23132245301351698,0.0016,0.00462644906027034
NY,ushouse,5,12.5,0.23132245301351698,0.0016,0.00462644906027034
ME,ushouse,1,12.5,0.23132245301351698,0.0016,0.00462644906027034
CA,ushouse,50,12.5,0.23132245301351698,0.0015,0.0043372959940034435
CA,ushouse,24,12.5,0.23132245301351698,0.0015,0.0043372959940034435
TX,ushouse,10,12.5,0.23132245301351698,0.0015,0.0043372959940034435
FL,ushouse,16,12.5,0.23132245301351698,0.0015,0.0043372959940034435
NY,ushouse,19,12.5,0.23132245301351698,0.0015,0.0043372959940034435
NH,ushouse,2,12.5,0.23132245301351698,0.0015,0.0043372959940034435
IL,ushouse,7,12.5,0.23132245301351698,0.0015,0.0043372959940034435
WA,ushouse,7,12.5,0.23132245301351698,0.0015,0.0043372959940034435
CA,ushouse,19,12.5,0.23132245301351698,0.0015,0.0043372959940034435
TX,ushouse,16,12.5,0.23132245301351698,0.0015,0.0043372959940034435
NJ,ushouse,1,12.5,0.23132245301351698,0.0014,0.0040481429277365475
CT,ushouse,5,12.5,0.23132245301351698,0.0014,0.0040481429277365475
FL,ushouse,5,12.5,0.23132245301351698,0.0014,0.0040481429277365475
NY,ushouse,9,12.5,0.23132245301351698,0.0014,0.0040481429277365475
WA,ushouse,9,12.5,0.23132245301351698,0.0014,0.0040481429277365475
OR,ushouse,3,12.5,0.23132245301351698,0.0014,0.0040481429277365475
NY,ushouse,10,12.5,0.23132245301351698,0.0014,0.0040481429277365475
NY,ushouse,15,12.5,0.23132245301351698,0.0014,0.0040481429277365475
AK,ushouse,1,12.5,0.23132245301351698,0.0014,0.0040481429277365475
TX,ushouse,33,12.5,0.23132245301351698,0.0014,0.0040481429277365475
CA,ushouse,40,12.5,0.23132245301351698,0.0014,0.0040481429277365475
NY,ushouse,3,12.5,0.23132245301351698,0.0014,0.0040481429277365475
MD,ushouse,8,12.5,0.23132245301351698,0.0014,0.0040481429277365475
CA,ushouse,5,12.5,0.23132245301351698,0.0014,0.0040481429277365475
NJ,ushouse,12,12.5,0.23132245301351698,0.0014,0.0040481429277365475
NY,statesenate,,0.7466440333422671,0.0053143989797032175,1.0,0.00396796428899564
IL,statehouse,,0.48679508853561504,0.008068597521401238,1.0,0.00392775364478876
MA,ushouse,5,12.5,0.23132245301351698,0.0013,0.0037589898614696507
FL,ushouse,22,12.5,0.23132245301351698,0.0013,0.0037589898614696507
FL,ushouse,21,12.5,0.23132245301351698,0.0013,0.0037589898614696507
DE,ushouse,1,12.5,0.23132245301351698,0.0013,0.0037589898614696507
MD,ushouse,2,12.5,0.23132245301351698,0.0013,0.0037589898614696507
CO,ushouse,1,12.5,0.23132245301351698,0.0013,0.0037589898614696507
IL,ushouse,9,12.5,0.23132245301351698,0.0013,0.0037589898614696507
CA,ushouse,31,12.5,0.23132245301351698,0.0013,0.0037589898614696507
AZ,ushouse,9,12.5,0.23132245301351698,0.0013,0.0037589898614696507
NY,ushouse,7,12.5,0.23132245301351698,0.0013,0.0037589898614696507
CA,ushouse,35,12.5,0.23132245301351698,0.0013,0.0037589898614696507
MO,ushouse,5,12.5,0.23132245301351698,0.0013,0.0037589898614696507
HI,ushouse,2,12.5,0.23132245301351698,0.0013,0.0037589898614696507
OR,ushouse,4,12.5,0.23132245301351698,0.0013,0.0037589898614696507
PA,ushouse,5,12.5,0.23132245301351698,0.0013,0.0037589898614696507
OH,ushouse,3,12.5,0.23132245301351698,0.0013,0.0037589898614696507
VA,ushouse,10,12.5,0.23132245301351698,0.0013,0.0037589898614696507
NY,ushouse,6,12.5,0.23132245301351698,0.0013,0.0037589898614696507
NY,ushouse,18,12.5,0.23132245301351698,0.0013,0.0037589898614696507
GA,ushouse,2,12.5,0.23132245301351698,0.0013,0.0037589898614696507
WA,governor,,0.5758206820792561,0.0063496241431432775,1.0,0.003656244905051674
CA,ushouse,51,12.5,0.23132245301351698,0.0012,0.0034698367952027544
MI,ushouse,12,12.5,0.23132245301351698,0.0012,0.0034698367952027544
NY,ushouse,1,12.5,0.23132245301351698,0.0012,0.0034698367952027544
NY,ushouse,14,12.5,0.23132245301351698,0.0012,0.0034698367952027544
OH,ushouse,11,12.5,0.23132245301351698,0.0012,0.0034698367952027544
CA,ushouse,49,12.5,0.23132245301351698,0.0012,0.0034698367952027544
TX,ushouse,34,12.5,0.23132245301351698,0.0012,0.0034698367952027544
MO,ushouse,1,12.5,0.23132245301351698,0.0012,0.0034698367952027544
WA,ushouse,8,12.5,0.23132245301351698,0.0012,0.0034698367952027544
NJ,ushouse,6,12.5,0.23132245301351698,0.0012,0.0034698367952027544
WI,ushouse,3,12.5,0.23132245301351698,0.0012,0.0034698367952027544
TX,ushouse,20,12.5,0.23132245301351698,0.0012,0.0034698367952027544
FL,ushouse,13,12.5,0.23132245301351698,0.0012,0.0034698367952027544
NJ,ushouse,9,12.5,0.23132245301351698,0.0012,0.0034698367952027544
MI,ushouse,11,12.5,0.23132245301351698,0.0012,0.0034698367952027544
TX,ushouse,35,12.5,0.23132245301351698,0.0012,0.0034698367952027544
VA,ushouse,11,12.5,0.23132245301351698,0.0012,0.0034698367952027544
MA,ushouse,1,12.5,0.23132245301351698,0.0012,0.0034698367952027544
AL,ushouse,7,12.5,0.23132245301351698,0.0012,0.0034698367952027544
NY,ushouse,20,12.5,0.23132245301351698,0.0012,0.0034698367952027544
CT,ushouse,4,12.5,0.23132245301351698,0.0012,0.0034698367952027544
FL,ushouse,14,12.5,0.23132245301351698,0.0012,0.0034698367952027544
OH,statesenate,,0.4466154323904989,0.007644627177112703,1.0,0.003414208472170349
IN,governor,,0.5113496412359917,0.0064207794389248675,1.0,0.0032832632625496632
PA,statesenate,,0.48931596902153773,0.00658006113016563,1.0,0.00321972898812795
OR,ushouse,1,12.5,0.23132245301351698,0.0011,0.003180683728935859
WI,ushouse,2,12.5,0.23132245301351698,0.0011,0.003180683728935859
CA,ushouse,44,12.5,0.23132245301351698,0.0011,0.003180683728935859
NV,ushouse,1,12.5,0.23132245301351698,0.0011,0.003180683728935859
NY,ushouse,4,12.5,0.23132245301351698,0.0011,0.003180683728935859
CA,ushouse,27,12.5,0.23132245301351698,0.0011,0.003180683728935859
GA,ushouse,5,12.5,0.23132245301351698,0.0011,0.003180683728935859
MN,ushouse,3,12.5,0.23132245301351698,0.0011,0.003180683728935859
GA,ushouse,13,12.5,0.23132245301351698,0.0011,0.003180683728935859
IN,ushouse,7,12.5,0.23132245301351698,0.0011,0.003180683728935859
GA,ushouse,4,12.5,0.23132245301351698,0.0011,0.003180683728935859
FL,ushouse,23,12.5,0.23132245301351698,0.0011,0.003180683728935859
CO,ushouse,7,12.5,0.23132245301351698,0.0011,0.003180683728935859
VA,ushouse,4,12.5,0.23132245301351698,0.0011,0.003180683728935859
MA,ushouse,7,12.5,0.23132245301351698,0.0011,0.003180683728935859
CA,ushouse,45,12.5,0.23132245301351698,0.0011,0.003180683728935859
PA,ushouse,6,12.5,0.23132245301351698,0.0011,0.003180683728935859
VA,ushouse,8,12.5,0.23132245301351698,0.0011,0.003180683728935859
VA,ushouse,3,12.5,0.23132245301351698,0.0011,0.003180683728935859
OH,ushouse,9,12.5,0.23132245301351698,0.0011,0.003180683728935859
RI,ushouse,1,12.5,0.23132245301351698,0.0011,0.003180683728935859
AZ,ushouse,3,12.5,0.23132245301351698,0.0011,0.003180683728935859
IL,ushouse,17,12.5,0.23132245301351698,0.0011,0.003180683728935859
PA,ushouse,7,12.5,0.23132245301351698,0.0011,0.003180683728935859
OR,ushouse,5,12.5,0.23132245301351698,0.0011,0.003180683728935859
NJ,ushouse,5,12.5,0.23132245301351698,0.0011,0.003180683728935859
CA,ushouse,52,12.5,0.23132245301351698,0.0011,0.003180683728935859
OH,statehouse,,0.4466154323904989,0.006880156144061848,1.0,0.0030727839111943296
IL,statesenate,,0.48679508853561504,0.006181744789594699,1.0,0.0030092430021553284
NJ,president,,25.0,0.096117527413216,0.00125,0.003003672731663
FL,ushouse,10,12.5,0.23132245301351698,0.001,0.0028915306626689625
WA,ushouse,1,12.5,0.23132245301351698,0.001,0.0028915306626689625
IL,ushouse,4,12.5,0.23132245301351698,0.001,0.0028915306626689625
IL,ushouse,10,12.5,0.23132245301351698,0.001,0.0028915306626689625
PA,ushouse,3,12.5,0.23132245301351698,0.001,0.0028915306626689625
IL,ushouse,11,12.5,0.23132245301351698,0.001,0.0028915306626689625
MI,ushouse,14,12.5,0.23132245301351698,0.001,0.0028915306626689625
NY,ushouse,26,12.5,0.23132245301351698,0.001,0.0028915306626689625
MA,ushouse,3,12.5,0.23132245301351698,0.001,0.0028915306626689625
IL,ushouse,6,12.5,0.23132245301351698,0.001,0.0028915306626689625
AZ,ushouse,2,12.5,0.23132245301351698,0.001,0.0028915306626689625
AZ,ushouse,7,12.5,0.23132245301351698,0.001,0.0028915306626689625
CA,ushouse,6,12.5,0.23132245301351698,0.001,0.0028915306626689625
CA,ushouse,30,12.5,0.23132245301351698,0.001,0.0028915306626689625
OH,ushouse,13,12.5,0.23132245301351698,0.001,0.0028915306626689625
NJ,ushouse,11,12.5,0.23132245301351698,0.001,0.0028915306626689625
CA,ushouse,29,12.5,0.23132245301351698,0.001,0.0028915306626689625
NM,ushouse,3,12.5,0.23132245301351698,0.001,0.0028915306626689625
TX,ushouse,9,12.5,0.23132245301351698,0.001,0.0028915306626689625
WI,ushouse,4,12.5,0.23132245301351698,0.001,0.0028915306626689625
MD,ushouse,6,12.5,0.23132245301351698,0.001,0.0028915306626689625
CA,ushouse,36,12.5,0.23132245301351698,0.001,0.0028915306626689625
CA,ushouse,38,12.5,0.23132245301351698,0.001,0.0028915306626689625
SC,ushouse,6,12.5,0.23132245301351698,0.001,0.0028915306626689625
CA,ushouse,46,12.5,0.23132245301351698,0.001,0.0028915306626689625
TX,ushouse,18,12.5,0.23132245301351698,0.001,0.0028915306626689625
CA,ushouse,37,12.5,0.23132245301351698,0.001,0.0028915306626689625
MD,ushouse,4,12.5,0.23132245301351698,0.001,0.0028915306626689625
NY,ushouse,25,12.5,0.23132245301351698,0.001,0.0028915306626689625
WA,ushouse,2,12.5,0.23132245301351698,0.001,0.0028915306626689625
NY,ushouse,8,12.5,0.23132245301351698,0.001,0.0028915306626689625
GA,statesenate,,0.4019148113011762,0.006635811328078656,1.0,0.0026670308577549403
MA,ushouse,4,12.5,0.23132245301351698,0.0009,0.002602377596402066
CA,ushouse,18,12.5,0.23132245301351698,0.0009,0.002602377596402066
CA,ushouse,26,12.5,0.23132245301351698,0.0009,0.002602377596402066
MI,ushouse,5,12.5,0.23132245301351698,0.0009,0.002602377596402066
NC,ushouse,12,12.5,0.23132245301351698,0.0009,0.002602377596402066
CA,ushouse,33,12.5,0.23132245301351698,0.0009,0.002602377596402066
CA,ushouse,34,12.5,0.23132245301351698,0.0009,0.002602377596402066
TX,ushouse,29,12.5,0.23132245301351698,0.0009,0.002602377596402066
MD,ushouse,7,12.5,0.23132245301351698,0.0009,0.002602377596402066
IL,ushouse,2,12.5,0.23132245301351698,0.0009,0.002602377596402066
CA,ushouse,14,12.5,0.23132245301351698,0.0009,0.002602377596402066
FL,ushouse,9,12.5,0.23132245301351698,0.0009,0.002602377596402066
IL,ushouse,8,12.5,0.23132245301351698,0.0009,0.002602377596402066
NV,ushouse,4,12.5,0.23132245301351698,0.0009,0.002602377596402066
CA,ushouse,53,12.5,0.23132245301351698,0.0009,0.002602377596402066
FL,ushouse,7,12.5,0.23132245301351698,0.0009,0.002602377596402066
HI,ushouse,1,12.5,0.23132245301351698,0.0009,0.002602377596402066
CT,ushouse,2,12.5,0.23132245301351698,0.0009,0.002602377596402066
FL,ushouse,27,12.5,0.23132245301351698,0.0009,0.002602377596402066
CA,ushouse,17,12.5,0.23132245301351698,0.0009,0.002602377596402066
GA,statehouse,,0.4019148113011762,0.00589359836988092,1.0,0.0023687244767156097
MA,ushouse,2,12.5,0.23132245301351698,0.0008,0.00231322453013517
VT,ushouse,1,12.5,0.23132245301351698,0.0008,0.00231322453013517
MD,ushouse,5,12.5,0.23132245301351698,0.0008,0.00231322453013517
CA,ushouse,32,12.5,0.23132245301351698,0.0008,0.00231322453013517
PA,ushouse,18,12.5,0.23132245301351698,0.0008,0.00231322453013517
IN,ushouse,1,12.5,0.23132245301351698,0.0008,0.00231322453013517
NY,ushouse,17,12.5,0.23132245301351698,0.0008,0.00231322453013517
IL,ushouse,14,12.5,0.23132245301351698,0.0008,0.00231322453013517
MA,ushouse,6,12.5,0.23132245301351698,0.0008,0.00231322453013517
CA,ushouse,47,12.5,0.23132245301351698,0.0008,0.00231322453013517
NY,ushouse,13,12.5,0.23132245301351698,0.0008,0.00231322453013517
MI,ushouse,13,12.5,0.23132245301351698,0.0008,0.00231322453013517
MN,ushouse,4,12.5,0.23132245301351698,0.0008,0.00231322453013517
CA,ushouse,2,12.5,0.23132245301351698,0.0008,0.00231322453013517
IL,ushouse,5,12.5,0.23132245301351698,0.0008,0.00231322453013517
WA,statesenate,,0.28791034103962804,0.007628900755134137,1.0,0.002196439418168145
WA,statehouse,,0.28791034103962804,0.007598940415581625,1.0,0.0021878135265899186
MO,statehouse,,0.2340717383258873,0.008742213859622653,1.0,0.002046305194938539
NM,ushouse,1,12.5,0.23132245301351698,0.0007,0.0020240714638682738
CO,ushouse,6,12.5,0.23132245301351698,0.0007,0.0020240714638682738
NJ,ushouse,10,12.5,0.23132245301351698,0.0007,0.0020240714638682738
KY,ushouse,3,12.5,0.23132245301351698,0.0007,0.0020240714638682738
CA,ushouse,43,12.5,0.23132245301351698,0.0007,0.0020240714638682738
MN,ushouse,2,12.5,0.23132245301351698,0.0007,0.0020240714638682738
TN,ushouse,5,12.5,0.23132245301351698,0.0007,0.0020240714638682738
MI,ushouse,8,12.5,0.23132245301351698,0.0007,0.0020240714638682738
CA,ushouse,12,12.5,0.23132245301351698,0.0007,0.0020240714638682738
RI,ushouse,2,12.5,0.23132245301351698,0.0007,0.0020240714638682738
CA,ushouse,41,12.5,0.23132245301351698,0.0007,0.0020240714638682738
TX,ushouse,28,12.5,0.23132245301351698,0.0007,0.0020240714638682738
CA,ushouse,7,12.5,0.23132245301351698,0.0007,0.0020240714638682738
TX,ushouse,30,12.5,0.23132245301351698,0.0007,0.0020240714638682738
NY,ushouse,16,12.5,0.23132245301351698,0.0007,0.0020240714638682738
MA,statesenate,,0.2637085893457232,0.007608177489359554,1.0,0.002006341753210894
MA,statehouse,,0.2637085893457232,0.007164833061012386,1.0,0.0018894280194171763
IN,statesenate,,0.25567482061799585,0.007204294951038944,1.0,0.0018419568192860152
TN,statehouse,,0.2586599893680127,0.006984286799196746,1.0,0.0018065555492233819
UT,governor,,0.241551012684227,0.00746722842707264,1.0,0.0018037165885038434
TN,statesenate,,0.2586599893680127,0.006728474658909588,1.0,0.001740387183736497
CA,ushouse,15,12.5,0.23132245301351698,0.0006,0.0017349183976013772
FL,ushouse,20,12.5,0.23132245301351698,0.0006,0.0017349183976013772
CA,ushouse,16,12.5,0.23132245301351698,0.0006,0.0017349183976013772
CA,ushouse,20,12.5,0.23132245301351698,0.0006,0.0017349183976013772
IL,ushouse,1,12.5,0.23132245301351698,0.0006,0.0017349183976013772
CT,ushouse,3,12.5,0.23132245301351698,0.0006,0.0017349183976013772
NC,ushouse,4,12.5,0.23132245301351698,0.0006,0.0017349183976013772
MA,ushouse,9,12.5,0.23132245301351698,0.0006,0.0017349183976013772
MI,ushouse,9,12.5,0.23132245301351698,0.0006,0.0017349183976013772
NY,ushouse,12,12.5,0.23132245301351698,0.0006,0.0017349183976013772
PA,ushouse,2,12.5,0.23132245301351698,0.0006,0.0017349183976013772
LA,ushouse,2,12.5,0.23132245301351698,0.0006,0.0017349183976013772
NJ,ushouse,8,12.5,0.23132245301351698,0.0006,0.0017349183976013772
MO,statesenate,,0.2340717383258873,0.0066439231996941895,1.0,0.0015551546526561101
IN,statehouse,,0.25567482061799585,0.006036542969402833,1.0,0.0015433920408548932
WI,statesenate,,0.22211746172756303,0.006802472841837169,1.0,0.0015109480010995543
WI,statehouse,,0.22211746172756303,0.00667589795277707,1.0,0.0014828335080230772
NC,ushouse,1,12.5,0.23132245301351698,0.0005,0.0014457653313344812
TX,ushouse,15,12.5,0.23132245301351698,0.0005,0.0014457653313344812
PA,ushouse,4,12.5,0.23132245301351698,0.0005,0.0014457653313344812
MD,ushouse,3,12.5,0.23132245301351698,0.0005,0.0014457653313344812
MN,ushouse,5,12.5,0.23132245301351698,0.0005,0.0014457653313344812
CO,statesenate,,0.2176089139727764,0.006416124781565054,1.0,0.0013962059456301885
CO,statehouse,,0.2176089139727764,0.006403285535921912,1.0,0.0013934120113295548
NV,statesenate,,0.11593421611761029,0.010830523830333597,1.0,0.0012556282904128235
SC,statehouse,,0.19424790151944035,0.0061358158032789245,1.0,0.0011918693438967504
SC,statesenate,,0.19424790151944035,0.006052923081878902,1.0,0.0011757676067135603
MA,ushouse,8,12.5,0.23132245301351698,0.0004,0.001156612265067585
WA,ushouse,10,12.5,0.23132245301351698,0.0004,0.001156612265067585
KY,statesenate,,0.170723058579235,0.006144695515535468,1.0,0.0010490412124503244
KY,statehouse,,0.170723058579235,0.006107562944396505,1.0,0.0010427018263325695
OR,statesenate,,0.160113468078244,0.006485889201534841,1.0,0.0010384782136289763
OR,statehouse,,0.160113468078244,0.006460873045436723,1.0,0.0010344727901181198
CT,statehouse,,0.13649987088873888,0.007532205331557979,1.0,0.0010281450552651348
AK,president,,25.0,0.096117527413216,0.000425,0.0010212487287654197
OK,statesenate,,0.1506521810480685,0.006167577161860721,1.0,0.0009291589512165737
OK,statehouse,,0.1506521810480685,0.006038488299526192,1.0,0.0009097114325568631
UT,statehouse,,0.1207755063421135,0.007300073792525206,1.0,0.0008816701086270246
CA,ushouse,3,12.5,0.23132245301351698,0.0003,0.0008674591988006886
IL,ushouse,3,12.5,0.23132245301351698,0.0003,0.0008674591988006886
WA,ushouse,6,12.5,0.23132245301351698,0.0003,0.0008674591988006886
WV,governor,,0.13798989541238998,0.0061984173690692885,1.0,0.0008553189644802126
AR,statehouse,,0.11514841816438247,0.007414966179042781,1.0,0.0008538216262591714
UT,statesenate,,0.1207755063421135,0.006914279894697657,1.0,0.0008350756552732046
KS,statesenate,,0.11123910486763179,0.007496500784222507,1.0,0.0008339040368764114
AR,statesenate,,0.11514841816438247,0.00699576166935939,1.0,0.0008055508900817533
IA,statesenate,,0.12058600092819752,0.006513355711862913,1.0,0.0007854195179163819
NV,statehouse,,0.11593421611761029,0.006535748059519047,1.0,0.0007577168280225332
KS,statehouse,,0.11123910486763179,0.006641540003691709,1.0,0.0007387989649532337
HI,statesenate,,0.054272325588493625,0.010678898416702042,1.0,0.0005795686517977023
CA,ushouse,9,12.5,0.23132245301351698,0.0002,0.0005783061325337925
NM,statehouse,,0.08005946582079437,0.006586685013327228,1.0,0.0005273264836968098
NE,statesenate,,0.07371103445460894,0.006945355034346335,1.0,0.0005119493042361943
WV,statehouse,,0.06899494770619499,0.007265155995292722,1.0,0.0005012590579725704
NM,statesenate,,0.08005946582079437,0.006212120737561214,1.0,0.00049733906786343
ID,statehouse,,0.0670225631320017,0.006660109341047174,1.0,0.0004463775987763684
DE,governor,,0.07390489543650607,0.005961637143928163,1.0,0.0004405941697524016
SC,president,,25.0,0.096117527413216,0.000175,0.00042051418243281997
HI,statehouse,,0.054272325588493625,0.007372558510086871,1.0,0.00040012589587965413
DE,statesenate,,0.03695244771825303,0.009959808758628563,1.0,0.0003680393124370206
ID,statesenate,,0.0670225631320017,0.005317028913549812,1.0,0.00035636090603307063
ND,governor,,0.05808012358589456,0.005995340091927535,1.0,0.0003482100934786197
ME,statesenate,,0.05113604919492079,0.0067043706416781805,1.0,0.0003428350269538381
RI,statesenate,,0.04039655578922932,0.008433982082417172,1.0,0.0003407038277177258
VT,governor,,0.04785768194764764,0.006993699365772389,1.0,0.0003347022398846
MT,statehouse,,0.040587207405245594,0.007738482702746313,1.0,0.0003140834024582701
TN,ushouse,9,12.5,0.23132245301351698,0.0001,0.00028915306626689627
ND,ushouse,1,12.5,0.23132245301351698,0.0001,0.00028915306626689627
WA,ushouse,5,12.5,0.23132245301351698,0.0001,0.00028915306626689627
GA,ushouse,12,12.5,0.23132245301351698,0.0001,0.00028915306626689627
RI,statehouse,,0.04039655578922932,0.00678223144676443,1.0,0.00027397879101468477
DE,statehouse,,0.03695244771825303,0.007148617351418831,1.0,0.0002641589089361008
OR,president,,25.0,0.096117527413216,0.0001,0.00024029381853303997
MT,statesenate,,0.040587207405245594,0.005666854206651828,1.0,0.00023000178702066624
ND,statesenate,,0.02904006179294728,0.00733705090925421,1.0,0.00021306841178274228
SD,statesenate,,0.033707320331888536,0.006224739299588099,1.0,0.00020981928155371153
ND,statehouse,,0.02904006179294728,0.0067895573189972755,1.0,0.00019716916409043834
SD,statehouse,,0.033707320331888536,0.0055835855704748335,1.0,0.0001882077074245058
CT,president,,25.0,0.096117527413216,7.5e-05,0.00018022036389977997
VT,statesenate,,0.02392884097382382,0.007319609380678224,1.0,0.00017514976886075828
VT,statehouse,,0.02392884097382382,0.007060285212673,1.0,0.00016894444208389212
WY,statesenate,,0.02207344542733431,0.007012182121486329,1.0,0.0001547830193851578
WY,statehouse,,0.02207344542733431,0.006547795384859774,1.0,0.00014453240409705368
MS,president,,25.0,0.096117527413216,5e-05,0.00012014690926651999
AK,statesenate,,0.028175099481325516,0.00416280056155186,1.0,0.00011728731994264138
DE,president,,25.0,0.096117527413216,2.5e-05,6.007345463325999e-05
FL,ushouse,4,12.5,0.23132245301351698,0.0,0.0
CO,ushouse,5,12.5,0.23132245301351698,0.0,0.0
GA,ushouse,3,12.5,0.23132245301351698,0.0,0.0
IL,ushouse,15,12.5,0.23132245301351698,0.0,0.0
FL,ushouse,3,12.5,0.23132245301351698,0.0,0.0
FL,ushouse,1,12.5,0.23132245301351698,0.0,0.0
AL,ushouse,3,12.5,0.23132245301351698,0.0,0.0
AL,ushouse,4,12.5,0.23132245301351698,0.0,0.0
AL,ushouse,5,12.5,0.23132245301351698,0.0,0.0
AL,ushouse,6,12.5,0.23132245301351698,0.0,0.0
AZ,ushouse,4,12.5,0.23132245301351698,0.0,0.0
AZ,ushouse,5,12.5,0.23132245301351698,0.0,0.0
AZ,ushouse,8,12.5,0.23132245301351698,0.0,0.0
AR,ushouse,1,12.5,0.23132245301351698,0.0,0.0
FL,ushouse,2,12.5,0.23132245301351698,0.0,0.0
AR,ushouse,3,12.5,0.23132245301351698,0.0,0.0
CA,ushouse,1,12.5,0.23132245301351698,0.0,0.0
CA,ushouse,4,12.5,0.23132245301351698,0.0,0.0
CA,ushouse,8,12.5,0.23132245301351698,0.0,0.0
CA,ushouse,22,12.5,0.23132245301351698,0.0,0.0
CA,ushouse,23,12.5,0.23132245301351698,0.0,0.0
CA,ushouse,42,12.5,0.23132245301351698,0.0,0.0
IL,ushouse,12,12.5,0.23132245301351698,0.0,0.0
WA,president,,25.0,0.096117527413216,0.0,0.0
WV,president,,25.0,0.096117527413216,0.0,0.0
HI,president,,25.0,0.096117527413216,0.0,0.0
WY,president,,25.0,0.096117527413216,0.0,0.0
AR,president,,25.0,0.096117527413216,0.0,0.0
GA,ushouse,10,12.5,0.23132245301351698,0.0,0.0
GA,ushouse,11,12.5,0.23132245301351698,0.0,0.0
MO,ushouse,7,12.5,0.23132245301351698,0.0,0.0
ID,ushouse,1,12.5,0.23132245301351698,0.0,0.0
ID,ushouse,2,12.5,0.23132245301351698,0.0,0.0
CA,president,,25.0,0.096117527413216,0.0,0.0
DC,president,,25.0,0.096117527413216,0.0,0.0
ID,president,,25.0,0.096117527413216,0.0,0.0
MT,president,,25.0,0.096117527413216,0.0,0.0
IN,president,,25.0,0.096117527413216,0.0,0.0
KS,president,,25.0,0.096117527413216,0.0,0.0
KY,president,,25.0,0.096117527413216,0.0,0.0
LA,president,,25.0,0.096117527413216,0.0,0.0
MD,president,,25.0,0.096117527413216,0.0,0.0
MA,president,,25.0,0.096117527413216,0.0,0.0
MO,president,,25.0,0.096117527413216,0.0,0.0
AL,president,,25.0,0.096117527413216,0.0,0.0
NE,president,,25.0,0.096117527413216,0.0,0.0
CO,ushouse,4,12.5,0.23132245301351698,0.0,0.0
AR,ushouse,4,12.5,0.23132245301351698,0.0,0.0
FL,ushouse,25,12.5,0.23132245301351698,0.0,0.0
IA,ushouse,4,12.5,0.23132245301351698,0.0,0.0
MO,ushouse,3,12.5,0.23132245301351698,0.0,0.0
MO,ushouse,4,12.5,0.23132245301351698,0.0,0.0
LA,ushouse,4,12.5,0.23132245301351698,0.0,0.0
LA,ushouse,3,12.5,0.23132245301351698,0.0,0.0
MI,ushouse,2,12.5,0.23132245301351698,0.0,0.0
KY,ushouse,6,12.5,0.23132245301351698,0.0,0.0
IN,ushouse,8,12.5,0.23132245301351698,0.0,0.0
LA,ushouse,1,12.5,0.23132245301351698,0.0,0.0
IN,ushouse,6,12.5,0.23132245301351698,0.0,0.0
KS,ushouse,1,12.5,0.23132245301351698,0.0,0.0
IL,ushouse,16,12.5,0.23132245301351698,0.0,0.0
KS,ushouse,2,12.5,0.23132245301351698,0.0,0.0
IN,ushouse,4,12.5,0.23132245301351698,0.0,0.0
KY,ushouse,1,12.5,0.23132245301351698,0.0,0.0
IN,ushouse,3,12.5,0.23132245301351698,0.0,0.0
KY,ushouse,2,12.5,0.23132245301351698,0.0,0.0
KY,ushouse,4,12.5,0.23132245301351698,0.0,0.0
KY,ushouse,5,12.5,0.23132245301351698,0.0,0.0
KS,ushouse,4,12.5,0.23132245301351698,0.0,0.0
IN,ushouse,9,12.5,0.23132245301351698,0.0,0.0
MS,ushouse,4,12.5,0.23132245301351698,0.0,0.0
MS,ushouse,3,12.5,0.23132245301351698,0.0,0.0
MS,ushouse,1,12.5,0.23132245301351698,0.0,0.0
MN,ushouse,8,12.5,0.23132245301351698,0.0,0.0
GA,ushouse,14,12.5,0.23132245301351698,0.0,0.0
IN,ushouse,2,12.5,0.23132245301351698,0.0,0.0
UT,president,,25.0,0.096117527413216,0.0,0.0
TN,president,,25.0,0.096117527413216,0.0,0.0
VT,president,,25.0,0.096117527413216,0.0,0.0
RI,president,,25.0,0.096117527413216,0.0,0.0
OK,president,,25.0,0.096117527413216,0.0,0.0
ND,president,,25.0,0.096117527413216,0.0,0.0
NY,president,,25.0,0.096117527413216,0.0,0.0
SD,president,,25.0,0.096117527413216,0.0,0.0
LA,ushouse,5,12.5,0.23132245301351698,0.0,0.0
LA,ushouse,6,12.5,0.23132245301351698,0.0,0.0
MD,ushouse,1,12.5,0.23132245301351698,0.0,0.0
MI,ushouse,1,12.5,0.23132245301351698,0.0,0.0
IL,ushouse,18,12.5,0.23132245301351698,0.0,0.0
MI,ushouse,4,12.5,0.23132245301351698,0.0,0.0
MI,ushouse,7,12.5,0.23132245301351698,0.0,0.0
MI,ushouse,10,12.5,0.23132245301351698,0.0,0.0
MN,ushouse,6,12.5,0.23132245301351698,0.0,0.0
ID,ussenate,ID,12.5,0.4979649589837407,0.0,0.0
OK,ussenate,OK,12.5,0.4979649589837407,0.0,0.0
GA,ushouse,9,12.5,0.23132245301351698,0.0,0.0
WY,ushouse,1,12.5,0.23132245301351698,0.0,0.0
TN,ushouse,6,12.5,0.23132245301351698,0.0,0.0
TN,ushouse,4,12.5,0.23132245301351698,0.0,0.0
TN,ushouse,3,12.5,0.23132245301351698,0.0,0.0
TN,ushouse,2,12.5,0.23132245301351698,0.0,0.0
TX,ushouse,26,12.5,0.23132245301351698,0.0,0.0
TX,ushouse,31,12.5,0.23132245301351698,0.0,0.0
NE,ushouse,1,12.5,0.23132245301351698,0.0,0.0
TX,ushouse,36,12.5,0.23132245301351698,0.0,0.0
AL,ushouse,2,12.5,0.23132245301351698,0.0,0.0
GA,ushouse,1,12.5,0.23132245301351698,0.0,0.0
TN,ushouse,8,12.5,0.23132245301351698,0.0,0.0
WI,ushouse,7,12.5,0.23132245301351698,0.0,0.0
WI,ushouse,6,12.5,0.23132245301351698,0.0,0.0
WI,ushouse,5,12.5,0.23132245301351698,0.0,0.0
WI,ushouse,1,12.5,0.23132245301351698,0.0,0.0
WV,ushouse,3,12.5,0.23132245301351698,0.0,0.0
WV,ushouse,2,12.5,0.23132245301351698,0.0,0.0
WV,ushouse,1,12.5,0.23132245301351698,0.0,0.0
WA,ushouse,4,12.5,0.23132245301351698,0.0,0.0
VA,ushouse,9,12.5,0.23132245301351698,0.0,0.0
TN,ushouse,7,12.5,0.23132245301351698,0.0,0.0
TX,ushouse,1,12.5,0.23132245301351698,0.0,0.0
GA,ushouse,8,12.5,0.23132245301351698,0.0,0.0
MO,ushouse,8,12.5,0.23132245301351698,0.0,0.0
FL,ushouse,19,12.5,0.23132245301351698,0.0,0.0
FL,ushouse,18,12.5,0.23132245301351698,0.0,0.0
FL,ushouse,17,12.5,0.23132245301351698,0.0,0.0
FL,ushouse,12,12.5,0.23132245301351698,0.0,0.0
FL,ushouse,11,12.5,0.23132245301351698,0.0,0.0
FL,ushouse,8,12.5,0.23132245301351698,0.0,0.0
FL,ushouse,6,12.5,0.23132245301351698,0.0,0.0
MO,ushouse,6,12.5,0.23132245301351698,0.0,0.0
NC,ushouse,3,12.5,0.23132245301351698,0.0,0.0
TX,ushouse,27,12.5,0.23132245301351698,0.0,0.0
TX,ushouse,3,12.5,0.23132245301351698,0.0,0.0
TX,ushouse,19,12.5,0.23132245301351698,0.0,0.0
TX,ushouse,17,12.5,0.23132245301351698,0.0,0.0
TX,ushouse,14,12.5,0.23132245301351698,0.0,0.0
TX,ushouse,13,12.5,0.23132245301351698,0.0,0.0
TX,ushouse,12,12.5,0.23132245301351698,0.0,0.0
TX,ushouse,11,12.5,0.23132245301351698,0.0,0.0
TX,ushouse,8,12.5,0.23132245301351698,0.0,0.0
TX,ushouse,5,12.5,0.23132245301351698,0.0,0.0
TX,ushouse,4,12.5,0.23132245301351698,0.0,0.0
VA,ushouse,6,12.5,0.23132245301351698,0.0,0.0
VA,ushouse,1,12.5,0.23132245301351698,0.0,0.0
UT,ushouse,3,12.5,0.23132245301351698,0.0,0.0
PA,ushouse,13,12.5,0.23132245301351698,0.0,0.0
OH,ushouse,12,12.5,0.23132245301351698,0.0,0.0
OH,ushouse,14,12.5,0.23132245301351698,0.0,0.0
PA,ushouse,12,12.5,0.23132245301351698,0.0,0.0
SC,ushouse,4,12.5,0.23132245301351698,0.0,0.0
SC,ushouse,3,12.5,0.23132245301351698,0.0,0.0
SC,ushouse,2,12.5,0.23132245301351698,0.0,0.0
PA,ushouse,16,12.5,0.23132245301351698,0.0,0.0
PA,ushouse,15,12.5,0.23132245301351698,0.0,0.0
PA,ushouse,14,12.5,0.23132245301351698,0.0,0.0
PA,ushouse,11,12.5,0.23132245301351698,0.0,0.0
UT,ushouse,2,12.5,0.23132245301351698,0.0,0.0
OH,ushouse,15,12.5,0.23132245301351698,0.0,0.0
PA,ushouse,9,12.5,0.23132245301351698,0.0,0.0
OR,ushouse,2,12.5,0.23132245301351698,0.0,0.0
OK,ushouse,4,12.5,0.23132245301351698,0.0,0.0
OK,ushouse,3,12.5,0.23132245301351698,0.0,0.0
OK,ushouse,2,12.5,0.23132245301351698,0.0,0.0
OK,ushouse,1,12.5,0.23132245301351698,0.0,0.0
OH,ushouse,16,12.5,0.23132245301351698,0.0,0.0
AL,ushouse,1,12.5,0.23132245301351698,0.0,0.0
OH,ushouse,8,12.5,0.23132245301351698,0.0,0.0
NE,ushouse,3,12.5,0.23132245301351698,0.0,0.0
NV,ushouse,2,12.5,0.23132245301351698,0.0,0.0
NJ,ushouse,4,12.5,0.23132245301351698,0.0,0.0
UT,ushouse,1,12.5,0.23132245301351698,0.0,0.0
TN,ushouse,1,12.5,0.23132245301351698,0.0,0.0
SD,ushouse,1,12.5,0.23132245301351698,0.0,0.0
SC,ushouse,7,12.5,0.23132245301351698,0.0,0.0
SC,ushouse,5,12.5,0.23132245301351698,0.0,0.0
OH,ushouse,7,12.5,0.23132245301351698,0.0,0.0
OH,ushouse,6,12.5,0.23132245301351698,0.0,0.0
OH,ushouse,5,12.5,0.23132245301351698,0.0,0.0
OH,ushouse,4,12.5,0.23132245301351698,0.0,0.0
OH,ushouse,2,12.5,0.23132245301351698,0.0,0.0
NC,ushouse,13,12.5,0.23132245301351698,0.0,0.0
NC,ushouse,11,12.5,0.23132245301351698,0.0,0.0
NC,ushouse,10,12.5,0.23132245301351698,0.0,0.0
NC,ushouse,9,12.5,0.23132245301351698,0.0,0.0
NC,ushouse,7,12.5,0.23132245301351698,0.0,0.0
NC,ushouse,5,12.5,0.23132245301351698,0.0,0.0
NY,ushouse,27,12.5,0.23132245301351698,0.0,0.0
NY,ushouse,23,12.5,0.23132245301351698,0.0,0.0
NY,ushouse,21,12.5,0.23132245301351698,0.0,0.0
WI,ushouse,8,12.5,0.23132245301351698,0.0,0.0
