branch,district,state_abbr,forecast_measure,forecast,ci_low,ci_high,ci_measure,potential_power,pr_close,pr_tip,realized_power
ussenate,GA-S3,GA,net_dem_twoparty_margin,0.5076141,-7.529316000000001,8.519943,80pct,25.0,0.6357,0.150675,2.3946024375
ussenate,NV-S3,NV,net_dem_twoparty_margin,2.3540229999999998,-6.913475,11.39777,80pct,25.0,0.6357,0.1296375,2.06026396875
ussenate,WI-S3,WI,net_dem_twoparty_margin,-0.21083829999999998,-9.441436999999999,8.993072999999999,80pct,25.0,0.6357,0.125775,1.9988791875000003
ussenate,AZ-S3,AZ,net_dem_twoparty_margin,4.401619,-4.581257,13.294379999999999,80pct,25.0,0.6357,0.1161,1.8451192500000002
ussenate,NC-S3,NC,net_dem_twoparty_margin,-2.262695,-10.98601,6.447947,80pct,25.0,0.6357,0.1004875,1.59699759375
ussenate,PA-S3,PA,net_dem_twoparty_margin,5.867489,-3.066723,14.75513,80pct,25.0,0.6357,0.0933375,1.4833662187500003
ussenate,NH-S3,NH,net_dem_twoparty_margin,6.600842,-3.328321,16.5141,80pct,25.0,0.6357,0.0798875,1.2696120937500002
ussenate,OH-S3,OH,net_dem_twoparty_margin,-4.204414,-13.647020000000001,5.0221599999999995,80pct,25.0,0.6357,0.067225,1.0683733125000001
governor,FL-G1,FL,net_dem_twoparty_margin,-9.446632000000001,-17.970670000000002,-0.903265,80pct,6.562681077342991,0.11213670704459466,1.0,0.7359174453971159
governor,PA-G1,PA,net_dem_twoparty_margin,6.730671000000001,-1.620886,14.87514,80pct,3.906086268664087,0.17961373094739397,1.0,0.7015867281171414
governor,AZ-G1,AZ,net_dem_twoparty_margin,0.4236183,-7.581903,8.305155000000001,80pct,2.192363101028011,0.3149199434206974,1.0,0.6904188637333659
ussenate,CO-S3,CO,net_dem_twoparty_margin,9.588886,0.08251,19.009610000000002,80pct,25.0,0.6357,0.042975,0.6829801875000001
governor,GA-G1,GA,net_dem_twoparty_margin,-6.153477,-14.40896,1.841446,80pct,3.2539227275886144,0.1963565095287083,1.0,0.6389289090654343
governor,TX-G1,TX,net_dem_twoparty_margin,-12.04394,-20.90858,-3.058056,80pct,8.896805512258148,0.06770590088272954,1.0,0.6023662321858719
ussenate,FL-S3,FL,net_dem_twoparty_margin,-7.587460000000001,-16.82416,1.6427439999999998,80pct,25.0,0.6357,0.03085,0.49028362500000006
governor,WI-G1,WI,net_dem_twoparty_margin,3.2317009999999997,-6.022768,12.51559,80pct,1.7764444460982534,0.24536145501497614,1.0,0.4358709940479408
governor,MI-G1,MI,net_dem_twoparty_margin,9.825035,1.0615139999999998,18.72754,80pct,3.028321910676563,0.10782253237333511,1.0,0.3265213372508038
ushouse,IA-3,IA,net_dem_twoparty_margin,-2.7084200000000003,-11.32227,5.78669,80pct,25.0,0.48797500000000005,0.0267,0.3257233125000001
ushouse,NC-13,NC,net_dem_twoparty_margin,-1.169418,-9.681797,7.277760000000001,80pct,25.0,0.48797500000000005,0.0252625,0.30818671093750005
governor,OR-G1,OR,net_dem_twoparty_margin,3.074875,-6.539915000000001,12.70037,80pct,1.2793718061785107,0.2405256443815183,1.0,0.3077217280846332
ushouse,OR-5,OR,net_dem_twoparty_margin,-3.1920319999999998,-12.56305,5.955959,80pct,25.0,0.48797500000000005,0.0250375,0.30544185156250003
ushouse,MI-10,MI,net_dem_twoparty_margin,-4.638275,-13.68092,4.288115,80pct,25.0,0.48797500000000005,0.02445,0.29827471875000006
ushouse,NY-19,NY,net_dem_twoparty_margin,-1.678871,-10.9813,7.445148,80pct,25.0,0.48797500000000005,0.0239375,0.29202253906250003
ushouse,PA-7,PA,net_dem_twoparty_margin,-0.8387375,-9.779583,8.006935,80pct,25.0,0.48797500000000005,0.0236875,0.2889726953125
statesenate,MI,MI,dem_twoparty_seatshare,50.38523197562034,41.66666666666666,58.19225570149254,80pct,0.7570804776691408,0.3780487804878049,1.0,0.2862133513139435
ushouse,WI-3,WI,net_dem_twoparty_margin,-4.755966,-13.740670000000001,4.25465,80pct,25.0,0.48797500000000005,0.0233,0.28424543750000003
ushouse,NJ-7,NJ,net_dem_twoparty_margin,-1.785912,-11.160810000000001,7.598292999999999,80pct,25.0,0.48797500000000005,0.023075,0.281500578125
ushouse,CO-8,CO,net_dem_twoparty_margin,-1.5138850000000001,-11.17028,8.204269,80pct,25.0,0.48797500000000005,0.02295,0.27997565625000004
ushouse,AZ-2,AZ,net_dem_twoparty_margin,-2.580704,-12.691089999999999,7.313126,80pct,25.0,0.48797500000000005,0.0223875,0.27311350781250004
governor,NV-G1,NV,net_dem_twoparty_margin,2.5123599999999997,-6.255545,11.06611,80pct,0.9472884160561688,0.2729251856761223,1.0,0.25853886684096966
ushouse,NM-2,NM,net_dem_twoparty_margin,-1.326157,-11.560960000000001,8.870655000000001,80pct,25.0,0.48797500000000005,0.020825,0.25405198437500004
ushouse,KS-3,KS,net_dem_twoparty_margin,0.6613121,-8.049942,9.388088,80pct,25.0,0.48797500000000005,0.0205375,0.25054466406250003
governor,KS-G1,KS,net_dem_twoparty_margin,1.3488040000000001,-7.514153,10.16203,80pct,0.8841932227436223,0.27861676896976373,1.0,0.24635105886579067
ushouse,NY-1,NY,net_dem_twoparty_margin,-4.092606,-14.524020000000002,6.076172,80pct,25.0,0.48797500000000005,0.0201625,0.24596989843750003
ushouse,NE-2,NE,net_dem_twoparty_margin,-6.639107000000001,-15.270620000000001,1.8848340000000001,80pct,25.0,0.48797500000000005,0.019925,0.24307254687500002
ushouse,CA-45,CA,net_dem_twoparty_margin,-3.154076,-13.820789999999999,7.358131,80pct,25.0,0.48797500000000005,0.019675,0.24002270312500004
ushouse,TX-15,TX,net_dem_twoparty_margin,-2.38829,-13.110220000000002,8.178438,80pct,25.0,0.48797500000000005,0.0196375,0.2395652265625
ushouse,NY-22,NY,net_dem_twoparty_margin,0.10895919999999999,-9.371893,9.494823,80pct,25.0,0.48797500000000005,0.0195375,0.23834528906250002
ushouse,OH-13,OH,net_dem_twoparty_margin,-6.925261999999999,-15.6391,1.676807,80pct,25.0,0.48797500000000005,0.0194875,0.23773532031250005
ushouse,VA-2,VA,net_dem_twoparty_margin,-0.6185837,-10.62373,9.366531,80pct,25.0,0.48797500000000005,0.01935,0.23605790625000003
ushouse,CA-27,CA,net_dem_twoparty_margin,0.3179321,-9.108849000000001,9.588234,80pct,25.0,0.48797500000000005,0.019275,0.23514295312500003
ussenate,WA-S3,WA,net_dem_twoparty_margin,14.346779999999999,4.338367,24.161170000000002,80pct,25.0,0.6357,0.0133625,0.21236353125000001
ushouse,IL-17,IL,net_dem_twoparty_margin,1.072975,-8.776775,10.874310000000001,80pct,25.0,0.48797500000000005,0.017375,0.21196414062500005
ushouse,CA-22,CA,net_dem_twoparty_margin,0.5510101,-9.59491,10.70439,80pct,25.0,0.48797500000000005,0.0172125,0.20998174218750001
ushouse,OH-1,OH,net_dem_twoparty_margin,-7.317833,-16.14542,1.370762,80pct,25.0,0.48797500000000005,0.0170875,0.2084568203125
ushouse,CA-41,CA,net_dem_twoparty_margin,-7.667778,-17.1307,1.6860689999999998,80pct,25.0,0.48797500000000005,0.0166125,0.20266211718750002
ussenate,LA-S3,LA,net_dem_twoparty_margin,-20.458470000000002,-39.21096,-2.319445,80pct,25.0,0.6357,0.012575,0.19984818750000002
ushouse,NY-18,NY,net_dem_twoparty_margin,1.468941,-8.464897,11.42412,80pct,25.0,0.48797500000000005,0.0160625,0.19595246093750004
ushouse,NV-3,NV,net_dem_twoparty_margin,2.071739,-6.962905999999999,11.08642,80pct,25.0,0.48797500000000005,0.0152375,0.18588797656250003
ushouse,CA-3,CA,net_dem_twoparty_margin,-7.806137,-17.90411,2.170204,80pct,25.0,0.48797500000000005,0.0145,0.17689093750000004
ushouse,MI-3,MI,net_dem_twoparty_margin,2.668526,-6.526426,11.93876,80pct,25.0,0.48797500000000005,0.01445,0.17628096875000002
ushouse,MD-6,MD,net_dem_twoparty_margin,2.328712,-6.721667999999999,11.45357,80pct,25.0,0.48797500000000005,0.014425,0.17597598437500003
ushouse,ME-2,ME,net_dem_twoparty_margin,2.403206,-8.263384,13.067269999999999,80pct,25.0,0.48797500000000005,0.0141625,0.1727736484375
ushouse,IA-2,IA,net_dem_twoparty_margin,-8.460579,-17.795189999999998,0.7842979,80pct,25.0,0.48797500000000005,0.013575,0.16560651562500003
statehouse,MN,MN,dem_twoparty_seatshare,50.38523197562034,41.66666666666666,58.19225570149254,80pct,0.42991093429615557,0.3780487804878049,1.0,0.16252730442903443
ussenate,UT-S3,UT,net_dem_twoparty_margin,-14.112910000000001,-25.628610000000002,-2.774822,80pct,25.0,0.6357,0.0097625,0.15515053125000003
ushouse,MI-7,MI,net_dem_twoparty_margin,3.086773,-5.97043,12.17036,80pct,25.0,0.48797500000000005,0.0126,0.15371212500000003
ushouse,CA-13,CA,net_dem_twoparty_margin,3.342285,-6.567612,13.164729999999999,80pct,25.0,0.48797500000000005,0.0122625,0.14959483593750003
ushouse,IA-1,IA,net_dem_twoparty_margin,-9.3741,-18.76749,0.0140572,80pct,25.0,0.48797500000000005,0.01195,0.14578253125
ushouse,OH-9,OH,net_dem_twoparty_margin,3.5575940000000004,-5.938347,12.8084,80pct,25.0,0.48797500000000005,0.011375,0.138767890625
ushouse,OR-6,OR,net_dem_twoparty_margin,3.682415,-5.593214,12.81665,80pct,25.0,0.48797500000000005,0.01115,0.13602303125
ushouse,PA-17,PA,net_dem_twoparty_margin,3.6648449999999997,-5.225128,12.40927,80pct,25.0,0.48797500000000005,0.0109125,0.13312567968750003
ushouse,PA-8,PA,net_dem_twoparty_margin,3.5959470000000002,-4.940048,12.06968,80pct,25.0,0.48797500000000005,0.01055,0.12870340625
ushouse,TX-28,TX,net_dem_twoparty_margin,4.435654,-6.457012000000001,15.361989999999999,80pct,25.0,0.48797500000000005,0.010275,0.125348578125
ushouse,AZ-6,AZ,net_dem_twoparty_margin,-10.079930000000001,-19.247,-0.9595222,80pct,25.0,0.48797500000000005,0.0099,0.12077381250000002
ushouse,AZ-1,AZ,net_dem_twoparty_margin,-10.06731,-19.32893,-0.8988609000000001,80pct,25.0,0.48797500000000005,0.00985,0.12016384375000001
ushouse,NH-1,NH,net_dem_twoparty_margin,4.899277,-5.759106,15.3718,80pct,25.0,0.48797500000000005,0.0096,0.11711400000000001
governor,NM-G1,NM,net_dem_twoparty_margin,7.01218,-2.0792919999999997,16.031570000000002,80pct,0.6375163834437435,0.17246322915772366,1.0,0.10994813412966156
ushouse,NY-3,NY,net_dem_twoparty_margin,4.92157,-5.023617,14.74855,80pct,25.0,0.48797500000000005,0.008775,0.10704951562500001
ushouse,CA-9,CA,net_dem_twoparty_margin,5.33847,-4.804176,15.51862,80pct,25.0,0.48797500000000005,0.0087625,0.1068970234375
statehouse,MI,MI,dem_twoparty_seatshare,42.84892865567422,35.67676767676768,50.63335408163265,80pct,0.7570804776691408,0.13953488372093026,1.0,0.1056391364189499
ushouse,CT-5,CT,net_dem_twoparty_margin,4.692299,-4.575367,13.9612,80pct,25.0,0.48797500000000005,0.0086,0.10491462500000001
ushouse,FL-15,FL,net_dem_twoparty_margin,-10.48605,-19.259510000000002,-1.751095,80pct,25.0,0.48797500000000005,0.0085,0.10369468750000002
ushouse,RI-2,RI,net_dem_twoparty_margin,5.399654,-5.593634,16.29474,80pct,25.0,0.48797500000000005,0.008275,0.100949828125
ushouse,NY-11,NY,net_dem_twoparty_margin,-11.19382,-20.9917,-1.453751,80pct,25.0,0.48797500000000005,0.0082125,0.1001873671875
ushouse,IN-1,IN,net_dem_twoparty_margin,4.931908,-4.1515010000000006,13.870579999999999,80pct,25.0,0.48797500000000005,0.008,0.09759500000000002
governor,CT-G1,CT,net_dem_twoparty_margin,10.82549,1.93038,19.77047,80pct,1.0863708805358776,0.08835317472002338,1.0,0.09598431621873205
ushouse,NV-1,NV,net_dem_twoparty_margin,5.104141,-4.337914,14.322870000000002,80pct,25.0,0.48797500000000005,0.0077125,0.09408767968750001
ushouse,AK-1,AK,net_dem_twoparty_margin,-12.37895,-28.35892,4.376377,80pct,25.0,0.48797500000000005,0.0077,0.09393518750000002
ushouse,NV-4,NV,net_dem_twoparty_margin,5.002586,-4.361134,14.333060000000001,80pct,25.0,0.48797500000000005,0.0076375,0.09317272656250002
governor,MN-G1,MN,net_dem_twoparty_margin,12.73809,3.926571,21.49061,80pct,1.7196437371846223,0.054093091031094234,1.0,0.09302084521657886
ussenate,VT-S3,VT,net_dem_twoparty_margin,19.57871,8.411386,30.5162,80pct,25.0,0.6357,0.005375,0.0854221875
governor,MD-G1,MD,net_dem_twoparty_margin,15.47145,4.72954,26.279609999999998,80pct,1.8575610697333267,0.04546947441747325,1.0,0.08446232553913374
statesenate,NY,NY,dem_twoparty_seatshare,58.60667168930477,51.93192642857144,64.85714499999999,80pct,1.4941463419263896,0.05357142857142857,1.0,0.08004355403177087
governor,IL-G1,IL,net_dem_twoparty_margin,16.18401,7.1639669999999995,25.08494,80pct,3.8179294400381063,0.020835476667227258,1.0,0.079548379765034
ushouse,FL-27,FL,net_dem_twoparty_margin,-12.423210000000001,-23.096239999999998,-1.8690759999999997,80pct,25.0,0.48797500000000005,0.0065,0.07929593750000001
ushouse,MN-2,MN,net_dem_twoparty_margin,5.422073,-3.5237769999999995,14.21345,80pct,25.0,0.48797500000000005,0.0064625,0.07883846093750002
governor,CO-G1,CO,net_dem_twoparty_margin,13.7523,4.678186,22.74149,80pct,1.7511836506590384,0.04408457369857496,1.0,0.07720018470721791
ushouse,TX-34,TX,net_dem_twoparty_margin,6.9799880000000005,-4.178623,17.98985,80pct,25.0,0.48797500000000005,0.006175,0.07533114062500001
ushouse,IL-6,IL,net_dem_twoparty_margin,6.897034,-3.262154,17.00627,80pct,25.0,0.48797500000000005,0.0061125,0.07456867968750001
ushouse,MI-8,MI,net_dem_twoparty_margin,6.163811,-2.9424759999999996,15.35191,80pct,25.0,0.48797500000000005,0.0059125,0.0721288046875
governor,OH-G1,OH,net_dem_twoparty_margin,-15.84881,-24.55363,-7.273632000000001,80pct,3.5493338387561355,0.019972039524513874,1.0,0.07088743571333209
governor,ME-G1,ME,net_dem_twoparty_margin,7.220192,-2.102633,16.302020000000002,80pct,0.4134597354343029,0.16759291229030604,1.0,0.06929292117621427
ushouse,CA-47,CA,net_dem_twoparty_margin,7.309547,-3.3389629999999997,17.8489,80pct,25.0,0.48797500000000005,0.0056125,0.06846899218750001
statesenate,OR,OR,dem_twoparty_seatshare,55.5894941770593,49.253731343283576,63.2653,80pct,0.31984295154462766,0.21311475409836064,1.0,0.0681632519685272
ussenate,OR-S3,OR,net_dem_twoparty_margin,19.9697,9.239395,30.50491,80pct,25.0,0.6357,0.0042875,0.06813909375
ushouse,VA-7,VA,net_dem_twoparty_margin,6.080536,-2.590767,14.68856,80pct,25.0,0.48797500000000005,0.0053,0.0646566875
ushouse,WA-8,WA,net_dem_twoparty_margin,6.191566000000001,-2.825325,15.11546,80pct,25.0,0.48797500000000005,0.0053,0.0646566875
ushouse,CA-40,CA,net_dem_twoparty_margin,-12.61819,-21.843510000000002,-3.5452269999999997,80pct,25.0,0.48797500000000005,0.005125,0.06252179687500001
ushouse,NY-4,NY,net_dem_twoparty_margin,8.398017999999999,-2.4262919999999997,19.04595,80pct,25.0,0.48797500000000005,0.0051125,0.06236930468750001
ussenate,IA-S3,IA,net_dem_twoparty_margin,-16.69166,-27.3554,-6.1096379999999995,80pct,25.0,0.6357,0.0038625,0.061384781250000006
statesenate,MN,MN,dem_twoparty_seatshare,42.84892865567422,35.67676767676768,50.63335408163265,80pct,0.42991093429615557,0.13953488372093026,1.0,0.059987572227370556
ushouse,NY-2,NY,net_dem_twoparty_margin,-13.014000000000001,-22.752670000000002,-3.237816,80pct,25.0,0.48797500000000005,0.0049125,0.05992942968750001
governor,NY-G1,NY,net_dem_twoparty_margin,17.255129999999998,8.908422,25.45084,80pct,5.9765853677055585,0.009516940793462433,1.0,0.056878809091527704
ushouse,IL-13,IL,net_dem_twoparty_margin,7.270882,-2.174641,16.68019,80pct,25.0,0.48797500000000005,0.0044875,0.05474469531250001
ushouse,CT-2,CT,net_dem_twoparty_margin,8.172607000000001,-2.117294,18.52545,80pct,25.0,0.48797500000000005,0.0043125,0.05260980468750001
ushouse,PA-10,PA,net_dem_twoparty_margin,-14.35425,-24.437160000000002,-4.333057,80pct,25.0,0.48797500000000005,0.0043125,0.05260980468750001
statesenate,IL,IL,dem_twoparty_seatshare,58.60667168930477,51.93192642857144,64.85714499999999,80pct,0.9544823600095266,0.05357142857142857,1.0,0.05113298357193892
statehouse,IL,IL,dem_twoparty_seatshare,58.60667168930477,51.93192642857144,64.85714499999999,80pct,0.9544823600095266,0.05357142857142857,1.0,0.05113298357193892
ushouse,TN-5,TN,net_dem_twoparty_margin,-13.16324,-22.37183,-3.954571,80pct,25.0,0.48797500000000005,0.0041625,0.05077989843750001
statesenate,NV,NV,dem_twoparty_seatshare,55.5894941770593,49.253731343283576,63.2653,80pct,0.2368221040140422,0.21311475409836064,1.0,0.05047028446200899
ushouse,FL-13,FL,net_dem_twoparty_margin,-13.72705,-23.511,-4.008699,80pct,25.0,0.48797500000000005,0.00395,0.04818753125000001
ussenate,CT-S3,CT,net_dem_twoparty_margin,19.646320000000003,9.53647,29.796190000000003,80pct,25.0,0.6357,0.0029875,0.047478843750000006
ushouse,NC-11,NC,net_dem_twoparty_margin,-13.59917,-23.09815,-4.139175,80pct,25.0,0.48797500000000005,0.00385,0.04696759375000001
governor,SC-G1,SC,net_dem_twoparty_margin,-15.568579999999999,-24.91016,-6.217993,80pct,1.5639659011952756,0.030001139119931297,1.0,0.04692075858058819
ushouse,NY-24,NY,net_dem_twoparty_margin,-15.383479999999999,-26.121589999999998,-4.679192,80pct,25.0,0.48797500000000005,0.0038,0.046357625000000006
ussenate,MO-S3,MO,net_dem_twoparty_margin,-16.76534,-26.785040000000002,-6.8918669999999995,80pct,25.0,0.6357,0.002875,0.04569093750000001
ushouse,FL-7,FL,net_dem_twoparty_margin,-14.55954,-24.331139999999998,-4.674175,80pct,25.0,0.48797500000000005,0.0036875,0.044985195312500004
ushouse,WA-3,WA,net_dem_twoparty_margin,-14.479779999999998,-24.36959,-4.846489,80pct,25.0,0.48797500000000005,0.0036,0.043917750000000005
ushouse,FL-2,FL,net_dem_twoparty_margin,-14.762279999999999,-24.786379999999998,-4.720993,80pct,25.0,0.48797500000000005,0.00355,0.04330778125000001
ussenate,IL-S3,IL,net_dem_twoparty_margin,18.95456,9.722191,28.24162,80pct,25.0,0.6357,0.00265,0.042115125
ushouse,NH-2,NH,net_dem_twoparty_margin,9.454948,-0.9703101999999999,19.69718,80pct,25.0,0.48797500000000005,0.0034,0.041477875000000004
ushouse,IL-14,IL,net_dem_twoparty_margin,9.321753999999999,-0.7408981,19.2277,80pct,25.0,0.48797500000000005,0.003275,0.03995295312500001
statesenate,ME,ME,dem_twoparty_seatshare,50.38523197562034,41.66666666666666,58.19225570149254,80pct,0.10336493385857573,0.3780487804878049,1.0,0.03907698719043717
statehouse,ME,ME,dem_twoparty_seatshare,50.38523197562034,41.66666666666666,58.19225570149254,80pct,0.10336493385857573,0.3780487804878049,1.0,0.03907698719043717
ushouse,CO-7,CO,net_dem_twoparty_margin,7.785164,-1.303125,16.97126,80pct,25.0,0.48797500000000005,0.003175,0.038733015625000006
ushouse,TX-23,TX,net_dem_twoparty_margin,-16.88469,-27.848979999999997,-5.918883999999999,80pct,25.0,0.48797500000000005,0.0031625,0.03858052343750001
ushouse,PA-1,PA,net_dem_twoparty_margin,-14.97449,-24.69357,-5.385658,80pct,25.0,0.48797500000000005,0.0027625,0.033700773437500005
ushouse,OH-7,OH,net_dem_twoparty_margin,-16.26949,-26.727520000000002,-5.833336,80pct,25.0,0.48797500000000005,0.0027,0.032938312500000004
ushouse,NY-17,NY,net_dem_twoparty_margin,8.879601,-0.44697570000000003,18.26649,80pct,25.0,0.48797500000000005,0.0026375,0.0321758515625
statesenate,FL,FL,dem_twoparty_seatshare,38.826987222636426,30.0,45.90000000000001,80pct,1.6406702693357478,0.018691588785046728,1.0,0.030666734006275658
ussenate,IN-S3,IN,net_dem_twoparty_margin,-19.559829999999998,-30.66873,-8.772202,80pct,25.0,0.6357,0.001825,0.029003812500000004
ushouse,NC-1,NC,net_dem_twoparty_margin,9.346069,0.39976880000000004,18.25814,80pct,25.0,0.48797500000000005,0.002375,0.028973515625
ushouse,MN-1,MN,net_dem_twoparty_margin,-15.87933,-26.06202,-5.806204,80pct,25.0,0.48797500000000005,0.0023125,0.0282110546875
ushouse,MT-1,MT,net_dem_twoparty_margin,-16.055320000000002,-25.84473,-6.35729,80pct,25.0,0.48797500000000005,0.0023125,0.0282110546875
ushouse,NE-1,NE,net_dem_twoparty_margin,-16.79266,-27.04993,-6.71788,80pct,25.0,0.48797500000000005,0.0022875,0.027906070312500003
ushouse,NJ-3,NJ,net_dem_twoparty_margin,9.701458,0.2024632,19.166929999999997,80pct,25.0,0.48797500000000005,0.002225,0.027143609375000002
ushouse,AZ-4,AZ,net_dem_twoparty_margin,9.23597,0.15948489999999999,18.25333,80pct,25.0,0.48797500000000005,0.0021375,0.026076164062500004
ushouse,CA-49,CA,net_dem_twoparty_margin,10.89407,1.057266,20.86381,80pct,25.0,0.48797500000000005,0.002,0.024398750000000004
ushouse,MO-2,MO,net_dem_twoparty_margin,-16.52739,-26.53517,-6.6197610000000005,80pct,25.0,0.48797500000000005,0.0019625,0.0239412734375
statehouse,CO,CO,dem_twoparty_seatshare,58.60667168930477,51.93192642857144,64.85714499999999,80pct,0.4377959126647596,0.05357142857142857,1.0,0.02345335246418355
ushouse,FL-28,FL,net_dem_twoparty_margin,-18.35707,-29.17789,-7.569916,80pct,25.0,0.48797500000000005,0.001825,0.022263859375000004
ushouse,TX-24,TX,net_dem_twoparty_margin,-17.17065,-27.324579999999997,-7.006046,80pct,25.0,0.48797500000000005,0.0017875,0.021806382812500004
ushouse,GA-2,GA,net_dem_twoparty_margin,10.91991,1.1218489999999999,20.63167,80pct,25.0,0.48797500000000005,0.001725,0.021043921875000003
ushouse,FL-23,FL,net_dem_twoparty_margin,12.25685,1.651562,22.812279999999998,80pct,25.0,0.48797500000000005,0.0017,0.020738937500000002
ushouse,FL-4,FL,net_dem_twoparty_margin,-17.63308,-27.40154,-7.968555,80pct,25.0,0.48797500000000005,0.0017,0.020738937500000002
statesenate,PA,PA,dem_twoparty_seatshare,38.826987222636426,30.0,45.90000000000001,80pct,0.9765215671660218,0.018691588785046728,1.0,0.018252739573196668
statehouse,PA,PA,dem_twoparty_seatshare,38.826987222636426,30.0,45.90000000000001,80pct,0.9765215671660218,0.018691588785046728,1.0,0.018252739573196668
statehouse,OR,OR,dem_twoparty_seatshare,58.60667168930477,51.93192642857144,64.85714499999999,80pct,0.31984295154462766,0.05357142857142857,1.0,0.017134443832747908
ushouse,NJ-2,NJ,net_dem_twoparty_margin,-18.307170000000003,-28.25798,-8.332417999999999,80pct,25.0,0.48797500000000005,0.001375,0.016774140625
ushouse,WI-1,WI,net_dem_twoparty_margin,-18.16065,-27.98375,-8.394733,80pct,25.0,0.48797500000000005,0.0013375,0.0163166640625
ushouse,OR-4,OR,net_dem_twoparty_margin,9.531956,0.7648792,18.117420000000003,80pct,25.0,0.48797500000000005,0.001325,0.016164171875
ushouse,NC-9,NC,net_dem_twoparty_margin,-18.45038,-28.37337,-8.66613,80pct,25.0,0.48797500000000005,0.001325,0.016164171875
statesenate,GA,GA,dem_twoparty_seatshare,38.826987222636426,30.0,45.90000000000001,80pct,0.8134806818971536,0.018691588785046728,1.0,0.015205246390601002
statehouse,GA,GA,dem_twoparty_seatshare,38.826987222636426,30.0,45.90000000000001,80pct,0.8134806818971536,0.018691588785046728,1.0,0.015205246390601002
ussenate,AK-S3,AK,net_dem_twoparty_margin,-40.9073,-60.39979,-21.40522,80pct,25.0,0.6357,0.00095,0.015097875000000002
statesenate,NC,NC,dem_twoparty_seatshare,38.826987222636426,30.0,45.90000000000001,80pct,0.7947695730150022,0.018691588785046728,1.0,0.01485550603766359
statehouse,NC,NC,dem_twoparty_seatshare,38.826987222636426,30.0,45.90000000000001,80pct,0.7947695730150022,0.018691588785046728,1.0,0.01485550603766359
governor,AK-G1,AK,net_dem_twoparty_margin,-16.38167,-32.01855,-0.9782982,80pct,0.22075529022097118,0.06595832552662362,1.0,0.014560649294119089
statesenate,CT,CT,dem_twoparty_seatshare,58.60667168930477,51.93192642857144,64.85714499999999,80pct,0.2715927201339694,0.05357142857142857,1.0,0.014549610007176932
statehouse,CT,CT,dem_twoparty_seatshare,58.60667168930477,51.93192642857144,64.85714499999999,80pct,0.2715927201339694,0.05357142857142857,1.0,0.014549610007176932
statesenate,CA,CA,dem_twoparty_seatshare,72.24715618408483,60.0,87.5,80pct,2.95560225155795,0.0048543689320388345,1.0,0.01434758374542694
statehouse,CA,CA,dem_twoparty_seatshare,72.24715618408483,60.0,87.5,80pct,2.95560225155795,0.0048543689320388345,1.0,0.01434758374542694
ushouse,MI-4,MI,net_dem_twoparty_margin,-19.03339,-28.981759999999998,-9.075876,80pct,25.0,0.48797500000000005,0.0011625,0.014181773437500001
ushouse,CA-48,CA,net_dem_twoparty_margin,-18.57614,-28.821309999999997,-8.483025,80pct,25.0,0.48797500000000005,0.0011625,0.014181773437500001
governor,OK-G1,OK,net_dem_twoparty_margin,-20.393320000000003,-30.95181,-9.942802,80pct,1.2011793111677957,0.01161120851459907,1.0,0.013947143445391755
ushouse,NJ-5,NJ,net_dem_twoparty_margin,13.972420000000001,3.446249,24.34295,80pct,25.0,0.48797500000000005,0.0010875,0.0132668203125
ushouse,CO-3,CO,net_dem_twoparty_margin,-17.943179999999998,-27.648329999999998,-8.360634,80pct,25.0,0.48797500000000005,0.001075,0.013114328125000001
governor,RI-G1,RI,net_dem_twoparty_margin,15.9668,5.088463,26.609840000000002,80pct,0.33010866173449577,0.03936144757132405,1.0,0.012993554781702301
governor,MA-G1,MA,net_dem_twoparty_margin,20.7014,11.26707,30.17513,80pct,2.1045057658438244,0.0060558803029967315,1.0,0.012744635014916668
statehouse,NV,NV,dem_twoparty_seatshare,58.60667168930477,51.93192642857144,64.85714499999999,80pct,0.2368221040140422,0.05357142857142857,1.0,0.012686898429323688
ushouse,CA-25,CA,net_dem_twoparty_margin,14.29359,3.642906,24.79748,80pct,25.0,0.48797500000000005,0.001025,0.012504359375000003
ushouse,SC-1,SC,net_dem_twoparty_margin,-19.22778,-29.19868,-9.420435000000001,80pct,25.0,0.48797500000000005,0.0010125,0.0123518671875
ushouse,IL-11,IL,net_dem_twoparty_margin,13.3614,3.1987759999999996,23.31739,80pct,25.0,0.48797500000000005,0.001,0.012199375000000002
governor,IA-G1,IA,net_dem_twoparty_margin,-19.26419,-29.14272,-9.491835,80pct,0.9620786917813109,0.011800595547345138,1.0,0.011353101526430173
statesenate,AZ,AZ,dem_twoparty_seatshare,38.826987222636426,30.0,45.90000000000001,80pct,0.5480907752570028,0.018691588785046728,1.0,0.01024468738798136
statehouse,AZ,AZ,dem_twoparty_seatshare,38.826987222636426,30.0,45.90000000000001,80pct,0.5480907752570028,0.018691588785046728,1.0,0.01024468738798136
ushouse,VA-5,VA,net_dem_twoparty_margin,-19.71783,-29.64159,-9.993839,80pct,25.0,0.48797500000000005,0.0008125,0.009911992187500001
ushouse,OH-15,OH,net_dem_twoparty_margin,-21.19295,-30.794520000000002,-11.57959,80pct,25.0,0.48797500000000005,0.0007125,0.0086920546875
ushouse,NC-14,NC,net_dem_twoparty_margin,14.124889999999999,4.224781,23.983439999999998,80pct,25.0,0.48797500000000005,0.0007,0.0085395625
statehouse,NM,NM,dem_twoparty_seatshare,58.60667168930477,51.93192642857144,64.85714499999999,80pct,0.15937909586093588,0.05357142857142857,1.0,0.008538165849692993
ushouse,VA-10,VA,net_dem_twoparty_margin,14.45275,4.12944,24.5672,80pct,25.0,0.48797500000000005,0.0006875,0.0083870703125
statesenate,TX,TX,dem_twoparty_seatshare,28.697171428701967,15.991489361702127,40.32258,80pct,2.224201378064537,0.0037174721189591076,1.0,0.00826840660990534
statehouse,TX,TX,dem_twoparty_seatshare,28.697171428701967,15.991489361702127,40.32258,80pct,2.224201378064537,0.0037174721189591076,1.0,0.00826840660990534
ussenate,CA-S3,CA,net_dem_twoparty_margin,27.85888,17.028010000000002,38.533359999999995,80pct,25.0,0.6357,0.0005125,0.008144906250000002
ussenate,NY-S3,NY,net_dem_twoparty_margin,24.56755,15.353720000000001,33.831509999999994,80pct,25.0,0.6357,0.0005125,0.008144906250000002
ussenate,KS-S3,KS,net_dem_twoparty_margin,-21.29044,-30.901490000000003,-11.58456,80pct,25.0,0.6357,0.0005,0.007946250000000002
ushouse,NM-3,NM,net_dem_twoparty_margin,14.57765,4.2226870000000005,24.83154,80pct,25.0,0.48797500000000005,0.00065,0.00792959375
statehouse,AK,AK,dem_twoparty_seatshare,42.84892865567422,35.67676767676768,50.63335408163265,80pct,0.055188822555242795,0.13953488372093026,1.0,0.007700765937940856
ushouse,NV-2,NV,net_dem_twoparty_margin,-20.33136,-29.9706,-10.81398,80pct,25.0,0.48797500000000005,0.000625,0.007624609375000002
governor,CA-G1,CA,net_dem_twoparty_margin,25.42089,16.39147,34.582609999999995,80pct,11.8224090062318,0.0006255166994751239,1.0,0.0073951142614230945
statehouse,NY,NY,dem_twoparty_seatshare,72.24715618408483,60.0,87.5,80pct,1.4941463419263896,0.0048543689320388345,1.0,0.0072531375821669394
ushouse,NC-7,NC,net_dem_twoparty_margin,-20.23416,-30.18996,-10.33625,80pct,25.0,0.48797500000000005,0.0005875,0.007167132812500001
ushouse,NJ-11,NJ,net_dem_twoparty_margin,16.4111,5.829828,26.862040000000004,80pct,25.0,0.48797500000000005,0.000525,0.006404671875
ushouse,WA-5,WA,net_dem_twoparty_margin,-22.331210000000002,-32.665690000000005,-12.26903,80pct,25.0,0.48797500000000005,0.0005125,0.0062521796875000014
ushouse,NJ-6,NJ,net_dem_twoparty_margin,16.087770000000003,5.5553550000000005,26.638679999999997,80pct,25.0,0.48797500000000005,0.0005125,0.0062521796875000014
ushouse,OH-10,OH,net_dem_twoparty_margin,-21.52685,-31.19558,-11.80325,80pct,25.0,0.48797500000000005,0.0005125,0.0062521796875000014
statehouse,FL,FL,dem_twoparty_seatshare,28.697171428701967,15.991489361702127,40.32258,80pct,1.6406702693357478,0.0037174721189591076,1.0,0.0060991459826607725
ushouse,CO-5,CO,net_dem_twoparty_margin,-21.60653,-31.6764,-11.72407,80pct,25.0,0.48797500000000005,0.0004875,0.0059471953125000004
ushouse,FL-21,FL,net_dem_twoparty_margin,-21.39285,-31.150509999999997,-11.65911,80pct,25.0,0.48797500000000005,0.0004625,0.005642210937500001
ushouse,DE-1,DE,net_dem_twoparty_margin,16.177789999999998,6.5586009999999995,25.76021,80pct,25.0,0.48797500000000005,0.00045,0.005489718750000001
ushouse,MD-1,MD,net_dem_twoparty_margin,-22.56245,-32.26583,-12.917689999999999,80pct,25.0,0.48797500000000005,0.000425,0.0051847343750000005
ussenate,KY-S3,KY,net_dem_twoparty_margin,-22.129720000000002,-31.47124,-12.801839999999999,80pct,25.0,0.6357,0.0003125,0.00496640625
ushouse,CA-26,CA,net_dem_twoparty_margin,15.844729999999998,5.560173000000001,26.06072,80pct,25.0,0.48797500000000005,0.0004,0.004879750000000001
ushouse,NY-25,NY,net_dem_twoparty_margin,16.640079999999998,6.6585160000000005,26.464000000000002,80pct,25.0,0.48797500000000005,0.0004,0.004879750000000001
ushouse,FL-16,FL,net_dem_twoparty_margin,-22.21486,-32.19996,-12.32882,80pct,25.0,0.48797500000000005,0.0004,0.004879750000000001
ushouse,CA-23,CA,net_dem_twoparty_margin,-21.99249,-31.867109999999997,-12.12315,80pct,25.0,0.48797500000000005,0.0004,0.004879750000000001
governor,NE-G1,NE,net_dem_twoparty_margin,-21.88061,-32.60037,-11.21598,80pct,0.5916628528205615,0.008235242519682329,1.0,0.004872487082864436
ushouse,NY-23,NY,net_dem_twoparty_margin,-22.18966,-32.44034,-12.01698,80pct,25.0,0.48797500000000005,0.000375,0.004574765625000001
statesenate,MD,MD,dem_twoparty_seatshare,72.24715618408483,60.0,87.5,80pct,0.9287805348666633,0.0048543689320388345,1.0,0.004508643373139142
statehouse,MD,MD,dem_twoparty_seatshare,72.24715618408483,60.0,87.5,80pct,0.9287805348666633,0.0048543689320388345,1.0,0.004508643373139142
statehouse,IA,IA,dem_twoparty_seatshare,38.826987222636426,30.0,45.90000000000001,80pct,0.24051967294532772,0.018691588785046728,1.0,0.004495694821407994
statesenate,IA,IA,dem_twoparty_seatshare,38.826987222636426,30.0,45.90000000000001,80pct,0.24051967294532772,0.018691588785046728,1.0,0.004495694821407994
ushouse,MI-11,MI,net_dem_twoparty_margin,16.91232,7.1276589999999995,26.842540000000003,80pct,25.0,0.48797500000000005,0.0003625,0.004422273437500001
ushouse,GA-7,GA,net_dem_twoparty_margin,17.32487,7.135422,27.583309999999997,80pct,25.0,0.48797500000000005,0.0003625,0.004422273437500001
ushouse,FL-19,FL,net_dem_twoparty_margin,-21.92073,-31.88798,-12.07728,80pct,25.0,0.48797500000000005,0.00035,0.00426978125
ushouse,IN-9,IN,net_dem_twoparty_margin,-22.71213,-32.47356,-12.98756,80pct,25.0,0.48797500000000005,0.00035,0.00426978125
ushouse,PA-6,PA,net_dem_twoparty_margin,17.052989999999998,7.222111,26.80782,80pct,25.0,0.48797500000000005,0.00035,0.00426978125
ushouse,VA-1,VA,net_dem_twoparty_margin,-22.31511,-32.09969,-12.80997,80pct,25.0,0.48797500000000005,0.0003375,0.0041172890625000005
ushouse,CT-3,CT,net_dem_twoparty_margin,17.18779,6.856615,27.24366,80pct,25.0,0.48797500000000005,0.000325,0.003964796875
ushouse,NM-1,NM,net_dem_twoparty_margin,16.425179999999997,6.708558999999999,26.250970000000002,80pct,25.0,0.48797500000000005,0.0003125,0.003812304687500001
ushouse,PA-4,PA,net_dem_twoparty_margin,17.38537,7.396011,27.352790000000002,80pct,25.0,0.48797500000000005,0.0003,0.0036598125000000003
ussenate,SC-S3,SC,net_dem_twoparty_margin,-25.47145,-35.40361,-15.6501,80pct,25.0,0.6357,0.000225,0.0035758125000000004
ushouse,IL-8,IL,net_dem_twoparty_margin,17.16441,6.8552669999999996,27.371709999999997,80pct,25.0,0.48797500000000005,0.0002875,0.0035073203125000002
ushouse,MA-9,MA,net_dem_twoparty_margin,17.86191,7.237385000000001,28.35117,80pct,25.0,0.48797500000000005,0.000275,0.0033548281250000006
statesenate,OH,OH,dem_twoparty_seatshare,28.697171428701967,15.991489361702127,40.32258,80pct,0.8873334596890339,0.0037174721189591076,1.0,0.0032986373966135086
statehouse,OH,OH,dem_twoparty_seatshare,28.697171428701967,15.991489361702127,40.32258,80pct,0.8873334596890339,0.0037174721189591076,1.0,0.0032986373966135086
ushouse,TX-21,TX,net_dem_twoparty_margin,-22.82795,-32.3045,-13.397129999999999,80pct,25.0,0.48797500000000005,0.0002625,0.0032023359375
ushouse,SC-2,SC,net_dem_twoparty_margin,-23.328000000000003,-33.15521,-13.54906,80pct,25.0,0.48797500000000005,0.0002625,0.0032023359375
ushouse,GA-6,GA,net_dem_twoparty_margin,-26.342,-36.35525,-16.2748,80pct,25.0,0.48797500000000005,0.00025,0.0030498437500000005
ushouse,CA-5,CA,net_dem_twoparty_margin,-23.18246,-33.199329999999996,-13.194579999999998,80pct,25.0,0.48797500000000005,0.00025,0.0030498437500000005
ushouse,IN-2,IN,net_dem_twoparty_margin,-24.10371,-34.1304,-14.051110000000001,80pct,25.0,0.48797500000000005,0.0002375,0.0028973515625000004
ushouse,FL-1,FL,net_dem_twoparty_margin,-28.79901,-39.85222,-17.76987,80pct,25.0,0.48797500000000005,0.0002375,0.0028973515625000004
statesenate,WA,WA,dem_twoparty_seatshare,72.24715618408483,60.0,87.5,80pct,0.5829193918674183,0.0048543689320388345,1.0,0.002829705785764166
statehouse,WA,WA,dem_twoparty_seatshare,72.24715618408483,60.0,87.5,80pct,0.5829193918674183,0.0048543689320388345,1.0,0.002829705785764166
statehouse,AL,AL,dem_twoparty_seatshare,28.697171428701967,15.991489361702127,40.32258,80pct,0.7592606181836901,0.0037174721189591076,1.0,0.002822530179121524
statesenate,AL,AL,dem_twoparty_seatshare,28.697171428701967,15.991489361702127,40.32258,80pct,0.7592606181836901,0.0037174721189591076,1.0,0.002822530179121524
ushouse,KY-6,KY,net_dem_twoparty_margin,-23.39488,-33.0012,-13.855260000000001,80pct,25.0,0.48797500000000005,0.000225,0.0027448593750000003
ushouse,CO-6,CO,net_dem_twoparty_margin,19.48639,9.261028,29.52324,80pct,25.0,0.48797500000000005,0.0002125,0.0025923671875000003
ushouse,FL-9,FL,net_dem_twoparty_margin,17.94643,7.8267169999999995,28.033559999999998,80pct,25.0,0.48797500000000005,0.0002125,0.0025923671875000003
ushouse,UT-4,UT,net_dem_twoparty_margin,-26.39112,-37.51211,-15.396579999999998,80pct,25.0,0.48797500000000005,0.0002125,0.0025923671875000003
ushouse,CA-1,CA,net_dem_twoparty_margin,-24.37722,-34.432990000000004,-14.44217,80pct,25.0,0.48797500000000005,0.0002125,0.0025923671875000003
statehouse,MA,MA,dem_twoparty_seatshare,72.24715618408483,60.0,87.5,80pct,0.5261264414609561,0.0048543689320388345,1.0,0.002554011851752214
statesenate,MA,MA,dem_twoparty_seatshare,72.24715618408483,60.0,87.5,80pct,0.5261264414609561,0.0048543689320388345,1.0,0.002554011851752214
ushouse,TX-3,TX,net_dem_twoparty_margin,-22.97493,-32.99248,-13.0068,80pct,25.0,0.48797500000000005,0.0002,0.0024398750000000006
ushouse,IN-5,IN,net_dem_twoparty_margin,-25.99014,-35.9931,-16.14078,80pct,25.0,0.48797500000000005,0.0002,0.0024398750000000006
ushouse,CO-4,CO,net_dem_twoparty_margin,-25.07145,-34.90383,-15.21388,80pct,25.0,0.48797500000000005,0.0002,0.0024398750000000006
ushouse,FL-26,FL,net_dem_twoparty_margin,-26.56855,-37.31007,-15.73851,80pct,25.0,0.48797500000000005,0.0002,0.0024398750000000006
ushouse,AR-2,AR,net_dem_twoparty_margin,-24.34518,-33.96434,-14.78948,80pct,25.0,0.48797500000000005,0.0002,0.0024398750000000006
ushouse,FL-3,FL,net_dem_twoparty_margin,-24.10559,-33.79185,-14.41265,80pct,25.0,0.48797500000000005,0.0001875,0.0022873828125000006
ushouse,NY-21,NY,net_dem_twoparty_margin,-25.38632,-35.98107,-14.77409,80pct,25.0,0.48797500000000005,0.0001875,0.0022873828125000006
ushouse,GA-12,GA,net_dem_twoparty_margin,-25.22469,-34.84137,-15.67389,80pct,25.0,0.48797500000000005,0.0001875,0.0022873828125000006
ussenate,AL-S3,AL,net_dem_twoparty_margin,-27.33098,-37.35497,-17.5108,80pct,25.0,0.6357,0.0001375,0.0021852187500000005
governor,TN-G1,TN,net_dem_twoparty_margin,-27.582690000000003,-38.15828,-17.027829999999998,80pct,2.101641897469324,0.0010316979301225881,1.0,0.0021682595954780103
ushouse,SC-7,SC,net_dem_twoparty_margin,-24.49161,-34.36905,-14.6119,80pct,25.0,0.48797500000000005,0.000175,0.002134890625
ushouse,CA-21,CA,net_dem_twoparty_margin,20.52521,9.497795,31.43038,80pct,25.0,0.48797500000000005,0.000175,0.002134890625
ushouse,WA-6,WA,net_dem_twoparty_margin,18.34477,8.129817999999998,28.51799,80pct,25.0,0.48797500000000005,0.000175,0.002134890625
ussenate,MD-S3,MD,net_dem_twoparty_margin,31.73759,21.626910000000002,41.78068,80pct,25.0,0.6357,0.000125,0.0019865625000000005
ushouse,KS-2,KS,net_dem_twoparty_margin,-26.41675,-36.36097,-16.63382,80pct,25.0,0.48797500000000005,0.0001625,0.0019823984375
ushouse,TX-7,TX,net_dem_twoparty_margin,20.2666,9.702793,30.706909999999997,80pct,25.0,0.48797500000000005,0.0001625,0.0019823984375
ushouse,TN-7,TN,net_dem_twoparty_margin,-24.528170000000003,-33.97421,-14.936670000000001,80pct,25.0,0.48797500000000005,0.0001625,0.0019823984375
ushouse,NJ-9,NJ,net_dem_twoparty_margin,20.8919,10.72458,31.05541,80pct,25.0,0.48797500000000005,0.0001625,0.0019823984375
ushouse,MI-1,MI,net_dem_twoparty_margin,-24.61422,-35.118120000000005,-14.11409,80pct,25.0,0.48797500000000005,0.0001625,0.0019823984375
statehouse,NH,NH,dem_twoparty_seatshare,38.826987222636426,30.0,45.90000000000001,80pct,0.10462625621341552,0.018691588785046728,1.0,0.001955630957260103
statesenate,NH,NH,dem_twoparty_seatshare,38.826987222636426,30.0,45.90000000000001,80pct,0.10462625621341552,0.018691588785046728,1.0,0.001955630957260103
statehouse,TN,TN,dem_twoparty_seatshare,28.697171428701967,15.991489361702127,40.32258,80pct,0.525410474367331,0.0037174721189591076,1.0,0.0019531987894696318
statesenate,TN,TN,dem_twoparty_seatshare,28.697171428701967,15.991489361702127,40.32258,80pct,0.525410474367331,0.0037174721189591076,1.0,0.0019531987894696318
statehouse,IN,IN,dem_twoparty_seatshare,28.697171428701967,15.991489361702127,40.32258,80pct,0.5126629457870621,0.0037174721189591076,1.0,0.0019058102073868477
statesenate,IN,IN,dem_twoparty_seatshare,28.697171428701967,15.991489361702127,40.32258,80pct,0.5126629457870621,0.0037174721189591076,1.0,0.0019058102073868477
ushouse,OH-14,OH,net_dem_twoparty_margin,-26.721390000000003,-36.70248,-16.879,80pct,25.0,0.48797500000000005,0.00015,0.0018299062500000002
ushouse,NY-20,NY,net_dem_twoparty_margin,19.48563,9.544411,29.350070000000002,80pct,25.0,0.48797500000000005,0.00015,0.0018299062500000002
ushouse,MN-8,MN,net_dem_twoparty_margin,-24.616999999999997,-34.724059999999994,-14.733179999999999,80pct,25.0,0.48797500000000005,0.00015,0.0018299062500000002
ushouse,MD-3,MD,net_dem_twoparty_margin,20.29403,10.3717,30.056790000000003,80pct,25.0,0.48797500000000005,0.00015,0.0018299062500000002
ushouse,AZ-5,AZ,net_dem_twoparty_margin,-26.865040000000004,-36.81674,-16.95918,80pct,25.0,0.48797500000000005,0.00015,0.0018299062500000002
ushouse,TX-22,TX,net_dem_twoparty_margin,-26.92538,-36.89806,-17.1325,80pct,25.0,0.48797500000000005,0.00015,0.0018299062500000002
ushouse,GA-1,GA,net_dem_twoparty_margin,-23.78558,-33.351659999999995,-14.28859,80pct,25.0,0.48797500000000005,0.00015,0.0018299062500000002
ushouse,NC-6,NC,net_dem_twoparty_margin,15.067470000000002,6.369623000000001,23.583679999999998,80pct,25.0,0.48797500000000005,0.00015,0.0018299062500000002
statehouse,MO,MO,dem_twoparty_seatshare,28.697171428701967,15.991489361702127,40.32258,80pct,0.46462061223841383,0.0037174721189591076,1.0,0.001727214171890014
statesenate,MO,MO,dem_twoparty_seatshare,28.697171428701967,15.991489361702127,40.32258,80pct,0.46462061223841383,0.0037174721189591076,1.0,0.001727214171890014
ushouse,PA-12,PA,net_dem_twoparty_margin,18.12796,8.448673,27.57528,80pct,25.0,0.48797500000000005,0.0001375,0.0016774140625000003
ushouse,CA-6,CA,net_dem_twoparty_margin,19.29784,9.149818,29.241999999999997,80pct,25.0,0.48797500000000005,0.0001375,0.0016774140625000003
statesenate,WI,WI,dem_twoparty_seatshare,28.697171428701967,15.991489361702127,40.32258,80pct,0.44411111152456334,0.0037174721189591076,1.0,0.001650970674812503
statehouse,WI,WI,dem_twoparty_seatshare,28.697171428701967,15.991489361702127,40.32258,80pct,0.44411111152456334,0.0037174721189591076,1.0,0.001650970674812503
ussenate,HI-S3,HI,net_dem_twoparty_margin,36.76108,24.92156,48.47913,80pct,25.0,0.6357,0.0001,0.0015892500000000002
ushouse,UT-2,UT,net_dem_twoparty_margin,-28.30746,-38.81324,-17.96206,80pct,25.0,0.48797500000000005,0.000125,0.0015249218750000002
ushouse,KY-3,KY,net_dem_twoparty_margin,20.181420000000003,10.74848,29.71332,80pct,25.0,0.48797500000000005,0.000125,0.0015249218750000002
ushouse,FL-25,FL,net_dem_twoparty_margin,19.70293,9.602497,29.80116,80pct,25.0,0.48797500000000005,0.000125,0.0015249218750000002
ushouse,FL-14,FL,net_dem_twoparty_margin,18.95615,8.983345,28.975920000000002,80pct,25.0,0.48797500000000005,0.000125,0.0015249218750000002
statehouse,SC,SC,dem_twoparty_seatshare,28.697171428701967,15.991489361702127,40.32258,80pct,0.3909914752988189,0.0037174721189591076,1.0,0.001453499908174048
ushouse,LA-5,LA,net_dem_twoparty_margin,-39.306020000000004,-58.42066,-23.25255,80pct,25.0,0.48797500000000005,0.0001125,0.0013724296875000002
ushouse,ME-1,ME,net_dem_twoparty_margin,18.97302,8.756828,28.96929,80pct,25.0,0.48797500000000005,0.0001125,0.0013724296875000002
ushouse,AZ-7,AZ,net_dem_twoparty_margin,21.597070000000002,10.96072,32.22331,80pct,25.0,0.48797500000000005,0.0001125,0.0013724296875000002
ushouse,FL-22,FL,net_dem_twoparty_margin,19.9101,9.734432,29.89798,80pct,25.0,0.48797500000000005,0.0001125,0.0013724296875000002
statesenate,KY,KY,dem_twoparty_seatshare,28.697171428701967,15.991489361702127,40.32258,80pct,0.33967151143508295,0.0037174721189591076,1.0,0.0012627193733646205
statehouse,KY,KY,dem_twoparty_seatshare,28.697171428701967,15.991489361702127,40.32258,80pct,0.33967151143508295,0.0037174721189591076,1.0,0.0012627193733646205
ushouse,MD-2,MD,net_dem_twoparty_margin,19.226879999999998,9.462463,28.912670000000002,80pct,25.0,0.48797500000000005,0.0001,0.0012199375000000003
ushouse,TX-38,TX,net_dem_twoparty_margin,-25.13808,-35.26106,-15.17055,80pct,25.0,0.48797500000000005,0.0001,0.0012199375000000003
governor,HI-G1,HI,net_dem_twoparty_margin,25.89184,14.95049,36.91727,80pct,0.43434171981758796,0.0027911107023065092,1.0,0.001212295822641085
statehouse,OK,OK,dem_twoparty_seatshare,28.697171428701967,15.991489361702127,40.32258,80pct,0.30029482779194894,0.0037174721189591076,1.0,0.0011163376497841967
statesenate,OK,OK,dem_twoparty_seatshare,28.697171428701967,15.991489361702127,40.32258,80pct,0.30029482779194894,0.0037174721189591076,1.0,0.0011163376497841967
ushouse,CA-33,CA,net_dem_twoparty_margin,25.49031,14.41895,36.64966,80pct,25.0,0.48797500000000005,8.75e-05,0.0010674453125
ushouse,FL-17,FL,net_dem_twoparty_margin,-28.528640000000003,-38.949490000000004,-18.377779999999998,80pct,25.0,0.48797500000000005,8.75e-05,0.0010674453125
ushouse,NJ-1,NJ,net_dem_twoparty_margin,19.25056,9.747446,28.65519,80pct,25.0,0.48797500000000005,8.75e-05,0.0010674453125
ushouse,CT-4,CT,net_dem_twoparty_margin,25.47498,14.99051,35.8367,80pct,25.0,0.48797500000000005,8.75e-05,0.0010674453125
statesenate,AK,AK,dem_twoparty_seatshare,38.826987222636426,30.0,45.90000000000001,80pct,0.055188822555242795,0.018691588785046728,1.0,0.00103156677673351
governor,NH-G1,NH,net_dem_twoparty_margin,-21.709870000000002,-30.44117,-12.88759,80pct,0.4185050248536621,0.0024130909212287666,1.0,0.0010098906759629914
statesenate,UT,UT,dem_twoparty_seatshare,28.697171428701967,15.991489361702127,40.32258,80pct,0.2514340093996047,0.0037174721189591076,1.0,0.0009346989197011326
statehouse,UT,UT,dem_twoparty_seatshare,28.697171428701967,15.991489361702127,40.32258,80pct,0.2514340093996047,0.0037174721189591076,1.0,0.0009346989197011326
ushouse,WV-2,WV,net_dem_twoparty_margin,-28.5473,-38.62766,-18.59375,80pct,25.0,0.48797500000000005,7.5e-05,0.0009149531250000001
ushouse,TX-10,TX,net_dem_twoparty_margin,-25.71861,-35.352990000000005,-16.18909,80pct,25.0,0.48797500000000005,7.5e-05,0.0009149531250000001
ushouse,LA-3,LA,net_dem_twoparty_margin,-47.18124,-64.48465999999999,-29.45628,80pct,25.0,0.48797500000000005,7.5e-05,0.0009149531250000001
ushouse,TX-8,TX,net_dem_twoparty_margin,-27.28497,-37.06629,-17.63462,80pct,25.0,0.48797500000000005,7.5e-05,0.0009149531250000001
statehouse,AR,AR,dem_twoparty_seatshare,28.697171428701967,15.991489361702127,40.32258,80pct,0.2279261846287582,0.0037174721189591076,1.0,0.0008473092365381345
statesenate,AR,AR,dem_twoparty_seatshare,28.697171428701967,15.991489361702127,40.32258,80pct,0.2279261846287582,0.0037174721189591076,1.0,0.0008473092365381345
statehouse,KS,KS,dem_twoparty_seatshare,28.697171428701967,15.991489361702127,40.32258,80pct,0.22104830568590558,0.0037174721189591076,1.0,0.000821740913330504
ushouse,NY-26,NY,net_dem_twoparty_margin,25.50467,15.515360000000001,35.39883,80pct,25.0,0.48797500000000005,6.25e-05,0.0007624609375000001
ushouse,OK-5,OK,net_dem_twoparty_margin,-27.31707,-36.67038,-18.04607,80pct,25.0,0.48797500000000005,6.25e-05,0.0007624609375000001
ushouse,TX-2,TX,net_dem_twoparty_margin,-28.012420000000002,-38.04808,-18.16304,80pct,25.0,0.48797500000000005,6.25e-05,0.0007624609375000001
ushouse,WI-7,WI,net_dem_twoparty_margin,-30.885709999999996,-41.24026,-20.73655,80pct,25.0,0.48797500000000005,6.25e-05,0.0007624609375000001
ushouse,FL-11,FL,net_dem_twoparty_margin,-27.13965,-36.93115,-17.51618,80pct,25.0,0.48797500000000005,6.25e-05,0.0007624609375000001
ushouse,GA-11,GA,net_dem_twoparty_margin,-26.697190000000003,-36.000240000000005,-17.58519,80pct,25.0,0.48797500000000005,6.25e-05,0.0007624609375000001
ushouse,MN-6,MN,net_dem_twoparty_margin,-29.831459999999996,-39.57038,-20.139029999999998,80pct,25.0,0.48797500000000005,6.25e-05,0.0007624609375000001
ushouse,PA-11,PA,net_dem_twoparty_margin,-28.88588,-38.45404,-19.36143,80pct,25.0,0.48797500000000005,6.25e-05,0.0007624609375000001
governor,AR-G1,AR,net_dem_twoparty_margin,-25.51059,-34.97266,-16.10285,80pct,0.9117047385150328,0.0007926274403096123,1.0,0.0007226421932073148
ushouse,TX-32,TX,net_dem_twoparty_margin,21.65472,11.61412,31.55534,80pct,25.0,0.48797500000000005,5e-05,0.0006099687500000002
ushouse,CA-38,CA,net_dem_twoparty_margin,23.96568,13.656429999999999,34.19318,80pct,25.0,0.48797500000000005,5e-05,0.0006099687500000002
ushouse,CA-39,CA,net_dem_twoparty_margin,24.80003,13.7872,35.88564,80pct,25.0,0.48797500000000005,5e-05,0.0006099687500000002
ushouse,MO-5,MO,net_dem_twoparty_margin,21.3084,11.88355,30.844959999999997,80pct,25.0,0.48797500000000005,5e-05,0.0006099687500000002
ushouse,PA-16,PA,net_dem_twoparty_margin,-29.697909999999997,-39.79207,-19.656,80pct,25.0,0.48797500000000005,5e-05,0.0006099687500000002
ushouse,MN-3,MN,net_dem_twoparty_margin,18.1557,9.474392,26.67717,80pct,25.0,0.48797500000000005,5e-05,0.0006099687500000002
ussenate,ID-S3,ID,net_dem_twoparty_margin,-38.32835,-49.12382,-27.7543,80pct,25.0,0.6357,3.75e-05,0.00059596875
ussenate,AR-S3,AR,net_dem_twoparty_margin,-34.51042,-45.22182,-23.96345,80pct,25.0,0.6357,3.75e-05,0.00059596875
statesenate,ID,ID,dem_twoparty_seatshare,28.697171428701967,15.991489361702127,40.32258,80pct,0.14318761867597113,0.0037174721189591076,1.0,0.0005322959802080711
statehouse,ID,ID,dem_twoparty_seatshare,28.697171428701967,15.991489361702127,40.32258,80pct,0.14318761867597113,0.0037174721189591076,1.0,0.0005322959802080711
governor,SD-G1,SD,net_dem_twoparty_margin,-26.14339,-36.68077,-15.47495,80pct,0.26977790738418406,0.001964471019879732,1.0,0.000529970880860028
statehouse,HI,HI,dem_twoparty_seatshare,72.24715618408483,60.0,87.5,80pct,0.10858542995439699,0.0048543689320388345,1.0,0.0005271137376427038
statesenate,HI,HI,dem_twoparty_seatshare,72.24715618408483,60.0,87.5,80pct,0.10858542995439699,0.0048543689320388345,1.0,0.0005271137376427038
statesenate,WV,WV,dem_twoparty_seatshare,28.697171428701967,15.991489361702127,40.32258,80pct,0.13430194353316302,0.0037174721189591076,1.0,0.000499263730606554
statehouse,WV,WV,dem_twoparty_seatshare,28.697171428701967,15.991489361702127,40.32258,80pct,0.13430194353316302,0.0037174721189591076,1.0,0.000499263730606554
ushouse,MI-5,MI,net_dem_twoparty_margin,-30.858559999999997,-40.88301,-21.04797,80pct,25.0,0.48797500000000005,3.75e-05,0.00045747656250000004
ushouse,MA-2,MA,net_dem_twoparty_margin,28.708709999999996,18.28854,39.02646,80pct,25.0,0.48797500000000005,3.75e-05,0.00045747656250000004
ushouse,WA-1,WA,net_dem_twoparty_margin,23.87119,13.36713,34.205090000000006,80pct,25.0,0.48797500000000005,3.75e-05,0.00045747656250000004
ushouse,TX-12,TX,net_dem_twoparty_margin,-31.182290000000002,-40.66843,-21.71722,80pct,25.0,0.48797500000000005,3.75e-05,0.00045747656250000004
ushouse,CA-35,CA,net_dem_twoparty_margin,26.4679,16.05917,36.96634,80pct,25.0,0.48797500000000005,3.75e-05,0.00045747656250000004
ushouse,OH-12,OH,net_dem_twoparty_margin,-34.87713,-44.928779999999996,-24.96786,80pct,25.0,0.48797500000000005,3.75e-05,0.00045747656250000004
ushouse,OH-8,OH,net_dem_twoparty_margin,-33.95474,-43.51627,-24.39702,80pct,25.0,0.48797500000000005,3.75e-05,0.00045747656250000004
ushouse,VT-1,VT,net_dem_twoparty_margin,23.16242,12.41944,33.68042,80pct,25.0,0.48797500000000005,3.75e-05,0.00045747656250000004
ushouse,AR-3,AR,net_dem_twoparty_margin,-31.5052,-41.21559,-21.91021,80pct,25.0,0.48797500000000005,3.75e-05,0.00045747656250000004
statehouse,RI,RI,dem_twoparty_seatshare,72.24715618408483,60.0,87.5,80pct,0.08252716543362394,0.0048543689320388345,1.0,0.00040061730793021326
statesenate,RI,RI,dem_twoparty_seatshare,72.24715618408483,60.0,87.5,80pct,0.08252716543362394,0.0048543689320388345,1.0,0.00040061730793021326
ussenate,OK-S2,OK,net_dem_twoparty_margin,-29.27314,-39.7434,-18.89882,80pct,25.0,0.6357,2.5e-05,0.00039731250000000004
statehouse,DE,DE,dem_twoparty_seatshare,72.24715618408483,60.0,87.5,80pct,0.07558021317937161,0.0048543689320388345,1.0,0.0003668942387348136
statesenate,DE,DE,dem_twoparty_seatshare,72.24715618408483,60.0,87.5,80pct,0.07558021317937161,0.0048543689320388345,1.0,0.0003668942387348136
governor,AL-G1,AL,net_dem_twoparty_margin,-31.115009999999998,-41.52312,-20.569229999999997,80pct,1.5185212363673801,0.0002311402587079625,1.0,0.0003509913914274913
statehouse,MT,MT,dem_twoparty_seatshare,28.697171428701967,15.991489361702127,40.32258,80pct,0.08317955796364887,0.0037174721189591076,1.0,0.00030921768759720766
statesenate,MT,MT,dem_twoparty_seatshare,28.697171428701967,15.991489361702127,40.32258,80pct,0.08317955796364887,0.0037174721189591076,1.0,0.00030921768759720766
ushouse,WA-10,WA,net_dem_twoparty_margin,21.4445,11.38596,31.27481,80pct,25.0,0.48797500000000005,2.5e-05,0.0003049843750000001
ushouse,KS-4,KS,net_dem_twoparty_margin,-32.78255,-42.51482,-23.10789,80pct,25.0,0.48797500000000005,2.5e-05,0.0003049843750000001
ushouse,FL-8,FL,net_dem_twoparty_margin,-30.535390000000003,-40.581379999999996,-20.6525,80pct,25.0,0.48797500000000005,2.5e-05,0.0003049843750000001
ushouse,WA-2,WA,net_dem_twoparty_margin,26.270970000000002,16.4248,36.013009999999994,80pct,25.0,0.48797500000000005,2.5e-05,0.0003049843750000001
ushouse,UT-3,UT,net_dem_twoparty_margin,-32.13,-43.19774,-21.45164,80pct,25.0,0.48797500000000005,2.5e-05,0.0003049843750000001
ushouse,TX-20,TX,net_dem_twoparty_margin,25.87538,15.16298,36.55251,80pct,25.0,0.48797500000000005,2.5e-05,0.0003049843750000001
ushouse,MT-2,MT,net_dem_twoparty_margin,-31.2276,-41.28069,-21.167839999999998,80pct,25.0,0.48797500000000005,2.5e-05,0.0003049843750000001
ushouse,FL-10,FL,net_dem_twoparty_margin,24.66431,14.788179999999999,34.493120000000005,80pct,25.0,0.48797500000000005,2.5e-05,0.0003049843750000001
ushouse,CA-51,CA,net_dem_twoparty_margin,28.56731,18.78014,38.50635,80pct,25.0,0.48797500000000005,2.5e-05,0.0003049843750000001
ushouse,MD-5,MD,net_dem_twoparty_margin,28.272,18.625,37.81351,80pct,25.0,0.48797500000000005,2.5e-05,0.0003049843750000001
ushouse,WI-5,WI,net_dem_twoparty_margin,-31.42055,-41.38616,-21.6188,80pct,25.0,0.48797500000000005,2.5e-05,0.0003049843750000001
ushouse,MA-8,MA,net_dem_twoparty_margin,36.42129,26.062520000000003,46.890640000000005,80pct,25.0,0.48797500000000005,2.5e-05,0.0003049843750000001
ushouse,CA-50,CA,net_dem_twoparty_margin,29.492179999999998,19.50742,39.3947,80pct,25.0,0.48797500000000005,2.5e-05,0.0003049843750000001
statehouse,SD,SD,dem_twoparty_seatshare,28.697171428701967,15.991489361702127,40.32258,80pct,0.06744447684604601,0.0037174721189591076,1.0,0.00025072296225295916
statesenate,SD,SD,dem_twoparty_seatshare,28.697171428701967,15.991489361702127,40.32258,80pct,0.06744447684604601,0.0037174721189591076,1.0,0.00025072296225295916
statehouse,VT,VT,dem_twoparty_seatshare,72.24715618408483,60.0,87.5,80pct,0.048627761876018485,0.0048543689320388345,1.0,0.00023605709648552662
statesenate,VT,VT,dem_twoparty_seatshare,72.24715618408483,60.0,87.5,80pct,0.048627761876018485,0.0048543689320388345,1.0,0.00023605709648552662
statehouse,ND,ND,dem_twoparty_seatshare,28.697171428701967,15.991489361702127,40.32258,80pct,0.05837320013367531,0.0037174721189591076,1.0,0.000217000743991358
statesenate,ND,ND,dem_twoparty_seatshare,28.697171428701967,15.991489361702127,40.32258,80pct,0.05837320013367531,0.0037174721189591076,1.0,0.000217000743991358
ussenate,OK-S3,OK,net_dem_twoparty_margin,-40.94215,-51.25414,-30.680979999999998,80pct,25.0,0.6357,1.25e-05,0.00019865625000000002
governor,VT-G1,VT,net_dem_twoparty_margin,-31.98072,-44.44122,-19.57551,80pct,0.19451104750407394,0.000977232655514415,1.0,0.0001900825474792967
statehouse,WY,WY,dem_twoparty_seatshare,28.697171428701967,15.991489361702127,40.32258,80pct,0.04359851674818397,0.0037174721189591076,1.0,0.0001620762704393456
statesenate,WY,WY,dem_twoparty_seatshare,28.697171428701967,15.991489361702127,40.32258,80pct,0.04359851674818397,0.0037174721189591076,1.0,0.0001620762704393456
ushouse,MO-3,MO,net_dem_twoparty_margin,-37.62305,-47.1425,-28.0579,80pct,25.0,0.48797500000000005,1.25e-05,0.00015249218750000004
ushouse,CA-52,CA,net_dem_twoparty_margin,39.45547,29.14733,49.802209999999995,80pct,25.0,0.48797500000000005,1.25e-05,0.00015249218750000004
ushouse,AL-3,AL,net_dem_twoparty_margin,-42.57929,-51.95917,-33.05857,80pct,25.0,0.48797500000000005,1.25e-05,0.00015249218750000004
ushouse,TX-29,TX,net_dem_twoparty_margin,37.95691,26.64423,49.45401,80pct,25.0,0.48797500000000005,1.25e-05,0.00015249218750000004
ushouse,MS-4,MS,net_dem_twoparty_margin,-37.69392,-47.45146,-28.11093,80pct,25.0,0.48797500000000005,1.25e-05,0.00015249218750000004
ushouse,CA-20,CA,net_dem_twoparty_margin,-31.209709999999998,-41.08659,-21.40292,80pct,25.0,0.48797500000000005,1.25e-05,0.00015249218750000004
ushouse,CT-1,CT,net_dem_twoparty_margin,23.13106,13.0428,33.03304,80pct,25.0,0.48797500000000005,1.25e-05,0.00015249218750000004
ushouse,TX-4,TX,net_dem_twoparty_margin,-35.47811,-45.32346,-25.620829999999998,80pct,25.0,0.48797500000000005,1.25e-05,0.00015249218750000004
ushouse,NJ-4,NJ,net_dem_twoparty_margin,-33.27173,-43.3038,-23.371589999999998,80pct,25.0,0.48797500000000005,1.25e-05,0.00015249218750000004
ushouse,VA-4,VA,net_dem_twoparty_margin,26.486859999999997,16.90673,36.216029999999996,80pct,25.0,0.48797500000000005,1.25e-05,0.00015249218750000004
ushouse,OK-1,OK,net_dem_twoparty_margin,-30.0764,-39.69702,-20.62731,80pct,25.0,0.48797500000000005,1.25e-05,0.00015249218750000004
ushouse,VA-6,VA,net_dem_twoparty_margin,-33.649429999999995,-43.2825,-24.085420000000003,80pct,25.0,0.48797500000000005,1.25e-05,0.00015249218750000004
ushouse,TN-6,TN,net_dem_twoparty_margin,-42.3224,-51.78645,-32.99258,80pct,25.0,0.48797500000000005,1.25e-05,0.00015249218750000004
ushouse,TX-14,TX,net_dem_twoparty_margin,-36.88071,-46.57127,-27.197459999999996,80pct,25.0,0.48797500000000005,1.25e-05,0.00015249218750000004
ushouse,IN-3,IN,net_dem_twoparty_margin,-35.6701,-45.252140000000004,-26.15074,80pct,25.0,0.48797500000000005,1.25e-05,0.00015249218750000004
ushouse,MA-1,MA,net_dem_twoparty_margin,27.18565,17.02502,37.3756,80pct,25.0,0.48797500000000005,1.25e-05,0.00015249218750000004
ushouse,ID-2,ID,net_dem_twoparty_margin,-34.14096,-43.88662,-24.39888,80pct,25.0,0.48797500000000005,1.25e-05,0.00015249218750000004
ushouse,NC-5,NC,net_dem_twoparty_margin,-30.79526,-40.64334,-20.9775,80pct,25.0,0.48797500000000005,1.25e-05,0.00015249218750000004
ushouse,NC-12,NC,net_dem_twoparty_margin,27.697129999999998,18.04919,37.300779999999996,80pct,25.0,0.48797500000000005,1.25e-05,0.00015249218750000004
ushouse,CA-24,CA,net_dem_twoparty_margin,28.83672,18.82141,38.55267,80pct,25.0,0.48797500000000005,1.25e-05,0.00015249218750000004
ushouse,TX-5,TX,net_dem_twoparty_margin,-29.52331,-39.155409999999996,-19.88438,80pct,25.0,0.48797500000000005,1.25e-05,0.00015249218750000004
ushouse,IL-16,IL,net_dem_twoparty_margin,-33.144040000000004,-43.07095,-23.24315,80pct,25.0,0.48797500000000005,1.25e-05,0.00015249218750000004
ushouse,IL-10,IL,net_dem_twoparty_margin,25.214879999999997,15.2019,35.24841,80pct,25.0,0.48797500000000005,1.25e-05,0.00015249218750000004
ushouse,MI-6,MI,net_dem_twoparty_margin,24.88486,14.86026,34.71389,80pct,25.0,0.48797500000000005,1.25e-05,0.00015249218750000004
ushouse,SC-5,SC,net_dem_twoparty_margin,-29.285890000000002,-38.74257,-20.01107,80pct,25.0,0.48797500000000005,1.25e-05,0.00015249218750000004
ushouse,PA-5,PA,net_dem_twoparty_margin,25.13844,15.487829999999999,34.7,80pct,25.0,0.48797500000000005,1.25e-05,0.00015249218750000004
ushouse,IN-8,IN,net_dem_twoparty_margin,-36.616040000000005,-46.50585,-26.663559999999997,80pct,25.0,0.48797500000000005,1.25e-05,0.00015249218750000004
ushouse,MI-2,MI,net_dem_twoparty_margin,-35.11525,-45.36188,-24.854039999999998,80pct,25.0,0.48797500000000005,1.25e-05,0.00015249218750000004
ushouse,WV-1,WV,net_dem_twoparty_margin,-41.010490000000004,-51.234120000000004,-30.81195,80pct,25.0,0.48797500000000005,1.25e-05,0.00015249218750000004
ushouse,NJ-12,NJ,net_dem_twoparty_margin,28.120240000000003,18.35683,38.0294,80pct,25.0,0.48797500000000005,1.25e-05,0.00015249218750000004
ushouse,MN-4,MN,net_dem_twoparty_margin,33.288140000000006,23.47186,43.01608,80pct,25.0,0.48797500000000005,1.25e-05,0.00015249218750000004
ushouse,CA-31,CA,net_dem_twoparty_margin,28.963140000000003,18.02294,39.80058,80pct,25.0,0.48797500000000005,1.25e-05,0.00015249218750000004
ushouse,MI-9,MI,net_dem_twoparty_margin,-33.69563,-43.67123,-23.67829,80pct,25.0,0.48797500000000005,1.25e-05,0.00015249218750000004
ushouse,HI-2,HI,net_dem_twoparty_margin,26.75423,15.084620000000001,38.215140000000005,80pct,25.0,0.48797500000000005,1.25e-05,0.00015249218750000004
ushouse,TX-27,TX,net_dem_twoparty_margin,-34.48169,-44.24224,-24.77853,80pct,25.0,0.48797500000000005,1.25e-05,0.00015249218750000004
ushouse,MA-6,MA,net_dem_twoparty_margin,28.568640000000002,17.83175,39.2993,80pct,25.0,0.48797500000000005,1.25e-05,0.00015249218750000004
governor,ID-G1,ID,net_dem_twoparty_margin,-33.6636,-44.16252,-23.10155,80pct,0.5727504747038845,7.230070859276516e-05,1.0,4.141026516793347e-05
governor,WY-G1,WY,net_dem_twoparty_margin,-33.464940000000006,-44.123459999999994,-22.69192,80pct,0.17439406699273588,0.00010558359986934107,1.0,1.8413153388948087e-05
ushouse,MO-4,MO,net_dem_twoparty_margin,-44.403940000000006,-54.36431999999999,-34.449090000000005,80pct,25.0,0.48797500000000005,0.0,0.0
ushouse,NY-15,NY,net_dem_twoparty_margin,69.0215,58.96301,79.04925,80pct,25.0,0.48797500000000005,0.0,0.0
ushouse,MO-6,MO,net_dem_twoparty_margin,-42.97064,-53.05031999999999,-33.14383,80pct,25.0,0.48797500000000005,0.0,0.0
ushouse,NY-16,NY,net_dem_twoparty_margin,44.036559999999994,34.49102,53.480740000000004,80pct,25.0,0.48797500000000005,0.0,0.0
ushouse,KY-4,KY,net_dem_twoparty_margin,-34.85767,-44.38361,-25.36947,80pct,25.0,0.48797500000000005,0.0,0.0
ushouse,MO-8,MO,net_dem_twoparty_margin,-55.73321,-65.49407,-46.03202,80pct,25.0,0.48797500000000005,0.0,0.0
ushouse,MS-1,MS,net_dem_twoparty_margin,-40.74449,-50.423390000000005,-31.19851,80pct,25.0,0.48797500000000005,0.0,0.0
ushouse,MS-2,MS,net_dem_twoparty_margin,27.44815,16.97157,37.78013,80pct,25.0,0.48797500000000005,0.0,0.0
ushouse,MS-3,MS,net_dem_twoparty_margin,-32.969879999999996,-42.41135,-23.53749,80pct,25.0,0.48797500000000005,0.0,0.0
ushouse,TX-35,TX,net_dem_twoparty_margin,38.00978,27.5401,48.39503,80pct,25.0,0.48797500000000005,0.0,0.0
ushouse,NC-8,NC,net_dem_twoparty_margin,-34.1582,-43.850609999999996,-24.63926,80pct,25.0,0.48797500000000005,0.0,0.0
ushouse,WY-1,WY,net_dem_twoparty_margin,-43.97638,-54.27101999999999,-33.87937,80pct,25.0,0.48797500000000005,0.0,0.0
ushouse,TX-33,TX,net_dem_twoparty_margin,41.51397,30.3017,52.660990000000005,80pct,25.0,0.48797500000000005,0.0,0.0
ushouse,CA-16,CA,net_dem_twoparty_margin,100.0,100.0,100.0,80pct,25.0,0.48797500000000005,0.0,0.0
ushouse,KY-2,KY,net_dem_twoparty_margin,-43.39163,-52.66121,-34.08488,80pct,25.0,0.48797500000000005,0.0,0.0
ushouse,MO-7,MO,net_dem_twoparty_margin,-46.24625,-55.737390000000005,-36.906859999999995,80pct,25.0,0.48797500000000005,0.0,0.0
ushouse,IL-12,IL,net_dem_twoparty_margin,-44.99002,-55.027440000000006,-34.99181,80pct,25.0,0.48797500000000005,0.0,0.0
ushouse,KY-5,KY,net_dem_twoparty_margin,-63.53705,-73.31766999999999,-53.7961,80pct,25.0,0.48797500000000005,0.0,0.0
ushouse,MA-5,MA,net_dem_twoparty_margin,45.32716,34.856390000000005,55.821780000000004,80pct,25.0,0.48797500000000005,0.0,0.0
ushouse,NJ-10,NJ,net_dem_twoparty_margin,53.87786,43.87502,63.91131,80pct,25.0,0.48797500000000005,0.0,0.0
ushouse,CA-18,CA,net_dem_twoparty_margin,40.26709,29.357809999999997,51.30498,80pct,25.0,0.48797500000000005,0.0,0.0
ushouse,AL-6,AL,net_dem_twoparty_margin,-84.86406,-91.48102,-77.64539,80pct,25.0,0.48797500000000005,0.0,0.0
ushouse,CA-17,CA,net_dem_twoparty_margin,48.17859,35.81726,60.53655,80pct,25.0,0.48797500000000005,0.0,0.0
ushouse,CA-15,CA,net_dem_twoparty_margin,100.0,100.0,100.0,80pct,25.0,0.48797500000000005,0.0,0.0
ushouse,MA-7,MA,net_dem_twoparty_margin,71.68599,62.42105,80.98306,80pct,25.0,0.48797500000000005,0.0,0.0
ussenate,ND-S3,ND,net_dem_twoparty_margin,-44.98388,-55.735859999999995,-34.172,80pct,25.0,0.6357,0.0,0.0
ushouse,LA-1,LA,net_dem_twoparty_margin,-43.48888,-52.926730000000006,-34.14391,80pct,25.0,0.48797500000000005,0.0,0.0
ushouse,MA-4,MA,net_dem_twoparty_margin,100.0,100.0,100.0,80pct,25.0,0.48797500000000005,0.0,0.0
ussenate,SD-S3,SD,net_dem_twoparty_margin,-36.13005,-46.233540000000005,-26.19699,80pct,25.0,0.6357,0.0,0.0
ushouse,MA-3,MA,net_dem_twoparty_margin,26.527309999999996,16.19004,36.75843,80pct,25.0,0.48797500000000005,0.0,0.0
ushouse,LA-6,LA,net_dem_twoparty_margin,-100.0,-100.0,-100.0,80pct,25.0,0.48797500000000005,0.0,0.0
ushouse,LA-4,LA,net_dem_twoparty_margin,-100.0,-100.0,-100.0,80pct,25.0,0.48797500000000005,0.0,0.0
ushouse,LA-2,LA,net_dem_twoparty_margin,52.1572,42.438109999999995,61.821769999999994,80pct,25.0,0.48797500000000005,0.0,0.0
ushouse,NJ-8,NJ,net_dem_twoparty_margin,38.10696,27.16617,48.88261,80pct,25.0,0.48797500000000005,0.0,0.0
ushouse,OH-2,OH,net_dem_twoparty_margin,-45.97661,-55.90489,-36.02069,80pct,25.0,0.48797500000000005,0.0,0.0
ushouse,NY-7,NY,net_dem_twoparty_margin,60.688340000000004,50.8965,70.54724,80pct,25.0,0.48797500000000005,0.0,0.0
ushouse,NY-8,NY,net_dem_twoparty_margin,52.65068,42.63301,62.5556,80pct,25.0,0.48797500000000005,0.0,0.0
ushouse,NY-9,NY,net_dem_twoparty_margin,87.37347,80.6443,93.4836,80pct,25.0,0.48797500000000005,0.0,0.0
ushouse,NC-4,NC,net_dem_twoparty_margin,27.973770000000002,18.767789999999998,37.126459999999994,80pct,25.0,0.48797500000000005,0.0,0.0
ushouse,NC-3,NC,net_dem_twoparty_margin,-34.83112,-44.3942,-25.33238,80pct,25.0,0.48797500000000005,0.0,0.0
ushouse,NC-2,NC,net_dem_twoparty_margin,25.8259,16.09209,35.566559999999996,80pct,25.0,0.48797500000000005,0.0,0.0
ushouse,NY-12,NY,net_dem_twoparty_margin,53.24256999999999,41.459109999999995,64.86353000000001,80pct,25.0,0.48797500000000005,0.0,0.0
ushouse,NY-5,NY,net_dem_twoparty_margin,62.24451,52.65583,71.65126,80pct,25.0,0.48797500000000005,0.0,0.0
ushouse,OR-2,OR,net_dem_twoparty_margin,-33.842859999999995,-43.978159999999995,-23.82941,80pct,25.0,0.48797500000000005,0.0,0.0
ushouse,OH-11,OH,net_dem_twoparty_margin,53.13645,43.73749,62.45338,80pct,25.0,0.48797500000000005,0.0,0.0
ushouse,TX-6,TX,net_dem_twoparty_margin,-100.0,-100.0,-100.0,80pct,25.0,0.48797500000000005,0.0,0.0
ushouse,VA-11,VA,net_dem_twoparty_margin,35.18889,24.63428,45.71222,80pct,25.0,0.48797500000000005,0.0,0.0
ushouse,UT-1,UT,net_dem_twoparty_margin,-36.1897,-46.4677,-25.97719,80pct,25.0,0.48797500000000005,0.0,0.0
ushouse,TX-36,TX,net_dem_twoparty_margin,-41.695029999999996,-51.35268,-32.0547,80pct,25.0,0.48797500000000005,0.0,0.0
ushouse,TX-37,TX,net_dem_twoparty_margin,37.718540000000004,28.01087,47.428309999999996,80pct,25.0,0.48797500000000005,0.0,0.0
ushouse,TX-9,TX,net_dem_twoparty_margin,47.98835,37.74095,58.24435,80pct,25.0,0.48797500000000005,0.0,0.0
ushouse,NY-10,NY,net_dem_twoparty_margin,49.6057,38.650009999999995,60.658409999999996,80pct,25.0,0.48797500000000005,0.0,0.0
ushouse,CA-2,CA,net_dem_twoparty_margin,49.03333,39.328140000000005,58.55968000000001,80pct,25.0,0.48797500000000005,0.0,0.0
ushouse,NE-3,NE,net_dem_twoparty_margin,-57.2731,-66.93446,-47.573609999999995,80pct,25.0,0.48797500000000005,0.0,0.0
ushouse,OR-3,OR,net_dem_twoparty_margin,40.25326,30.46515,49.99362,80pct,25.0,0.48797500000000005,0.0,0.0
ushouse,NY-6,NY,net_dem_twoparty_margin,33.63937,22.34893,44.89121,80pct,25.0,0.48797500000000005,0.0,0.0
ushouse,ND-1,ND,net_dem_twoparty_margin,-100.0,-100.0,-100.0,80pct,25.0,0.48797500000000005,0.0,0.0
ushouse,MO-1,MO,net_dem_twoparty_margin,49.53768,40.26709,58.7663,80pct,25.0,0.48797500000000005,0.0,0.0
ushouse,NY-14,NY,net_dem_twoparty_margin,50.145720000000004,39.497409999999995,60.735380000000006,80pct,25.0,0.48797500000000005,0.0,0.0
ushouse,NC-10,NC,net_dem_twoparty_margin,-39.463359999999994,-49.5633,-29.45825,80pct,25.0,0.48797500000000005,0.0,0.0
ushouse,NY-13,NY,net_dem_twoparty_margin,89.79789,83.58833,95.24438,80pct,25.0,0.48797500000000005,0.0,0.0
ushouse,OR-1,OR,net_dem_twoparty_margin,33.0127,22.81839,43.15879,80pct,25.0,0.48797500000000005,0.0,0.0
ushouse,OH-3,OH,net_dem_twoparty_margin,37.59485,27.976129999999998,47.14215,80pct,25.0,0.48797500000000005,0.0,0.0
ushouse,OK-4,OK,net_dem_twoparty_margin,-41.62778,-51.41029,-32.00095,80pct,25.0,0.48797500000000005,0.0,0.0
ushouse,OK-3,OK,net_dem_twoparty_margin,-51.79043,-61.53441,-42.01303,80pct,25.0,0.48797500000000005,0.0,0.0
ushouse,OK-2,OK,net_dem_twoparty_margin,-49.013090000000005,-59.03561,-39.01365,80pct,25.0,0.48797500000000005,0.0,0.0
ushouse,OH-6,OH,net_dem_twoparty_margin,-40.04367,-50.16554,-29.98728,80pct,25.0,0.48797500000000005,0.0,0.0
ushouse,OH-5,OH,net_dem_twoparty_margin,-35.5807,-45.63592,-25.58747,80pct,25.0,0.48797500000000005,0.0,0.0
ushouse,OH-4,OH,net_dem_twoparty_margin,-41.437670000000004,-51.14763,-31.719759999999997,80pct,25.0,0.48797500000000005,0.0,0.0
ushouse,CA-19,CA,net_dem_twoparty_margin,41.42909,31.59035,51.23106,80pct,25.0,0.48797500000000005,0.0,0.0
ushouse,CA-28,CA,net_dem_twoparty_margin,38.15096,27.69411,48.57221,80pct,25.0,0.48797500000000005,0.0,0.0
ushouse,IL-15,IL,net_dem_twoparty_margin,-39.83859,-50.04537,-29.758340000000004,80pct,25.0,0.48797500000000005,0.0,0.0
ushouse,CA-29,CA,net_dem_twoparty_margin,100.0,100.0,100.0,80pct,25.0,0.48797500000000005,0.0,0.0
ushouse,TX-31,TX,net_dem_twoparty_margin,-100.0,-100.0,-100.0,80pct,25.0,0.48797500000000005,0.0,0.0
ushouse,SC-3,SC,net_dem_twoparty_margin,-100.0,-100.0,-100.0,80pct,25.0,0.48797500000000005,0.0,0.0
ushouse,TX-19,TX,net_dem_twoparty_margin,-87.9201,-93.896,-81.25316,80pct,25.0,0.48797500000000005,0.0,0.0
ushouse,TX-25,TX,net_dem_twoparty_margin,-100.0,-100.0,-100.0,80pct,25.0,0.48797500000000005,0.0,0.0
ushouse,TN-3,TN,net_dem_twoparty_margin,-39.89226,-49.47357,-30.33643,80pct,25.0,0.48797500000000005,0.0,0.0
ushouse,TN-2,TN,net_dem_twoparty_margin,-38.78474,-48.15371,-29.49029,80pct,25.0,0.48797500000000005,0.0,0.0
ushouse,TN-1,TN,net_dem_twoparty_margin,-58.062490000000004,-67.6555,-48.510090000000005,80pct,25.0,0.48797500000000005,0.0,0.0
ushouse,SD-1,SD,net_dem_twoparty_margin,-84.13834,-90.94168,-76.85304000000001,80pct,25.0,0.48797500000000005,0.0,0.0
ushouse,PA-13,PA,net_dem_twoparty_margin,-100.0,-100.0,-100.0,80pct,25.0,0.48797500000000005,0.0,0.0
ushouse,PA-14,PA,net_dem_twoparty_margin,-100.0,-100.0,-100.0,80pct,25.0,0.48797500000000005,0.0,0.0
ushouse,PA-15,PA,net_dem_twoparty_margin,-44.58146,-54.74528000000001,-34.43093,80pct,25.0,0.48797500000000005,0.0,0.0
ushouse,PA-2,PA,net_dem_twoparty_margin,41.40439,31.64504,51.1216,80pct,25.0,0.48797500000000005,0.0,0.0
ushouse,PA-3,PA,net_dem_twoparty_margin,91.15987,85.38454,96.1468,80pct,25.0,0.48797500000000005,0.0,0.0
ushouse,PA-9,PA,net_dem_twoparty_margin,-44.53403,-54.649190000000004,-34.47397,80pct,25.0,0.48797500000000005,0.0,0.0
ushouse,RI-1,RI,net_dem_twoparty_margin,35.14867,24.81932,45.60205,80pct,25.0,0.48797500000000005,0.0,0.0
ushouse,SC-4,SC,net_dem_twoparty_margin,-100.0,-100.0,-100.0,80pct,25.0,0.48797500000000005,0.0,0.0
ushouse,AR-1,AR,net_dem_twoparty_margin,-44.56337,-55.02567,-34.02227,80pct,25.0,0.48797500000000005,0.0,0.0
ushouse,SC-6,SC,net_dem_twoparty_margin,26.006439999999998,16.26809,35.651070000000004,80pct,25.0,0.48797500000000005,0.0,0.0
ushouse,TX-26,TX,net_dem_twoparty_margin,-83.08188,-90.00854,-75.60573000000001,80pct,25.0,0.48797500000000005,0.0,0.0
ushouse,VA-8,VA,net_dem_twoparty_margin,46.83068,36.41775,57.1746,80pct,25.0,0.48797500000000005,0.0,0.0
ushouse,VA-9,VA,net_dem_twoparty_margin,-49.661609999999996,-59.569030000000005,-39.88776,80pct,25.0,0.48797500000000005,0.0,0.0
ushouse,WA-4,WA,net_dem_twoparty_margin,-37.73114,-47.96056,-27.549740000000003,80pct,25.0,0.48797500000000005,0.0,0.0
ushouse,WA-7,WA,net_dem_twoparty_margin,69.42833,60.037769999999995,78.74973,80pct,25.0,0.48797500000000005,0.0,0.0
ushouse,AL-7,AL,net_dem_twoparty_margin,33.46172,24.093220000000002,42.76283,80pct,25.0,0.48797500000000005,0.0,0.0
ushouse,AL-5,AL,net_dem_twoparty_margin,-33.58614,-43.1441,-24.15455,80pct,25.0,0.48797500000000005,0.0,0.0
ushouse,MD-7,MD,net_dem_twoparty_margin,48.290409999999994,38.58897,58.056059999999995,80pct,25.0,0.48797500000000005,0.0,0.0
ushouse,FL-6,FL,net_dem_twoparty_margin,-83.32478,-90.22126999999999,-75.86355999999999,80pct,25.0,0.48797500000000005,0.0,0.0
ushouse,IL-2,IL,net_dem_twoparty_margin,41.02462,31.471829999999997,50.65293,80pct,25.0,0.48797500000000005,0.0,0.0
ushouse,IL-4,IL,net_dem_twoparty_margin,45.60454,35.175959999999996,56.04178,80pct,25.0,0.48797500000000005,0.0,0.0
ushouse,IL-5,IL,net_dem_twoparty_margin,35.43465,24.88881,45.839240000000004,80pct,25.0,0.48797500000000005,0.0,0.0
ushouse,IL-7,IL,net_dem_twoparty_margin,100.0,100.0,100.0,80pct,25.0,0.48797500000000005,0.0,0.0
ushouse,IL-9,IL,net_dem_twoparty_margin,38.09192,28.18815,47.90482,80pct,25.0,0.48797500000000005,0.0,0.0
ushouse,IN-4,IN,net_dem_twoparty_margin,-38.71094,-48.32163,-29.07746,80pct,25.0,0.48797500000000005,0.0,0.0
ushouse,IN-6,IN,net_dem_twoparty_margin,-39.512440000000005,-49.147909999999996,-29.882379999999998,80pct,25.0,0.48797500000000005,0.0,0.0
ushouse,ID-1,ID,net_dem_twoparty_margin,-47.79468,-57.76185,-37.95048,80pct,25.0,0.48797500000000005,0.0,0.0
ushouse,IA-4,IA,net_dem_twoparty_margin,-33.06919,-42.97453,-23.27119,80pct,25.0,0.48797500000000005,0.0,0.0
ushouse,FL-5,FL,net_dem_twoparty_margin,-100.0,-100.0,-100.0,80pct,25.0,0.48797500000000005,0.0,0.0
ushouse,GA-10,GA,net_dem_twoparty_margin,-33.9036,-43.35496,-24.55632,80pct,25.0,0.48797500000000005,0.0,0.0
ushouse,MD-4,MD,net_dem_twoparty_margin,71.75433000000001,63.37288,80.1588,80pct,25.0,0.48797500000000005,0.0,0.0
ushouse,GA-13,GA,net_dem_twoparty_margin,49.60329,39.608779999999996,59.4798,80pct,25.0,0.48797500000000005,0.0,0.0
ushouse,GA-14,GA,net_dem_twoparty_margin,-44.57103,-54.21165,-35.132740000000005,80pct,25.0,0.48797500000000005,0.0,0.0
ushouse,GA-3,GA,net_dem_twoparty_margin,-38.138490000000004,-47.632709999999996,-28.5424,80pct,25.0,0.48797500000000005,0.0,0.0
ushouse,GA-4,GA,net_dem_twoparty_margin,48.16319,38.72906,57.69404,80pct,25.0,0.48797500000000005,0.0,0.0
ushouse,GA-5,GA,net_dem_twoparty_margin,50.39411,40.78519,60.006409999999995,80pct,25.0,0.48797500000000005,0.0,0.0
ushouse,GA-8,GA,net_dem_twoparty_margin,-37.912409999999994,-47.80709,-28.043909999999997,80pct,25.0,0.48797500000000005,0.0,0.0
ushouse,GA-9,GA,net_dem_twoparty_margin,-49.43762,-58.83315,-40.206559999999996,80pct,25.0,0.48797500000000005,0.0,0.0
ushouse,HI-1,HI,net_dem_twoparty_margin,33.7641,22.118389999999998,45.256840000000004,80pct,25.0,0.48797500000000005,0.0,0.0
ushouse,IN-7,IN,net_dem_twoparty_margin,32.83684,22.91368,42.65097,80pct,25.0,0.48797500000000005,0.0,0.0
ushouse,MI-13,MI,net_dem_twoparty_margin,39.59666,29.542790000000004,49.64542,80pct,25.0,0.48797500000000005,0.0,0.0
ushouse,WA-9,WA,net_dem_twoparty_margin,43.34326,33.13903,53.51367,80pct,25.0,0.48797500000000005,0.0,0.0
ushouse,WI-2,WI,net_dem_twoparty_margin,34.97394,24.83778,44.95262,80pct,25.0,0.48797500000000005,0.0,0.0
ushouse,WI-4,WI,net_dem_twoparty_margin,44.449459999999995,34.64758,54.175090000000004,80pct,25.0,0.48797500000000005,0.0,0.0
ushouse,MD-8,MD,net_dem_twoparty_margin,46.07598,35.64601,56.30713000000001,80pct,25.0,0.48797500000000005,0.0,0.0
ushouse,CO-2,CO,net_dem_twoparty_margin,30.03063,19.94625,40.122279999999996,80pct,25.0,0.48797500000000005,0.0,0.0
ushouse,IL-3,IL,net_dem_twoparty_margin,37.89288,27.936790000000002,47.72365,80pct,25.0,0.48797500000000005,0.0,0.0
ushouse,MN-7,MN,net_dem_twoparty_margin,-36.694720000000004,-47.37083,-26.01204,80pct,25.0,0.48797500000000005,0.0,0.0
ushouse,TN-4,TN,net_dem_twoparty_margin,-43.05898,-53.09491,-33.23308,80pct,25.0,0.48797500000000005,0.0,0.0
ushouse,TN-8,TN,net_dem_twoparty_margin,-44.95876,-54.898880000000005,-35.18161,80pct,25.0,0.48797500000000005,0.0,0.0
ushouse,TN-9,TN,net_dem_twoparty_margin,40.52313,30.65842,50.3781,80pct,25.0,0.48797500000000005,0.0,0.0
ushouse,TX-11,TX,net_dem_twoparty_margin,-100.0,-100.0,-100.0,80pct,25.0,0.48797500000000005,0.0,0.0
ushouse,TX-1,TX,net_dem_twoparty_margin,-51.03419,-60.69214,-41.53947,80pct,25.0,0.48797500000000005,0.0,0.0
ushouse,MN-5,MN,net_dem_twoparty_margin,46.46073,36.56365,56.19118,80pct,25.0,0.48797500000000005,0.0,0.0
ushouse,IL-1,IL,net_dem_twoparty_margin,36.41045,26.86745,45.94154,80pct,25.0,0.48797500000000005,0.0,0.0
ushouse,MI-12,MI,net_dem_twoparty_margin,42.04855,32.44785,51.640859999999996,80pct,25.0,0.48797500000000005,0.0,0.0
ushouse,CA-8,CA,net_dem_twoparty_margin,48.53148,38.6811,58.25111,80pct,25.0,0.48797500000000005,0.0,0.0
ushouse,KS-1,KS,net_dem_twoparty_margin,-41.527390000000004,-51.50169,-31.672890000000002,80pct,25.0,0.48797500000000005,0.0,0.0
ushouse,KY-1,KY,net_dem_twoparty_margin,-48.12474,-58.08191,-38.18764,80pct,25.0,0.48797500000000005,0.0,0.0
ushouse,AL-4,AL,net_dem_twoparty_margin,-63.669290000000004,-72.90661999999999,-54.57601,80pct,25.0,0.48797500000000005,0.0,0.0
ushouse,AL-2,AL,net_dem_twoparty_margin,-38.128440000000005,-47.677820000000004,-28.723679999999998,80pct,25.0,0.48797500000000005,0.0,0.0
ushouse,AL-1,AL,net_dem_twoparty_margin,-84.07760999999999,-90.92647,-76.6981,80pct,25.0,0.48797500000000005,0.0,0.0
ushouse,CA-11,CA,net_dem_twoparty_margin,73.11169,63.917590000000004,82.44556999999999,80pct,25.0,0.48797500000000005,0.0,0.0
ushouse,CA-12,CA,net_dem_twoparty_margin,79.71552,72.48671999999999,87.0178,80pct,25.0,0.48797500000000005,0.0,0.0
ushouse,CA-34,CA,net_dem_twoparty_margin,100.0,100.0,100.0,80pct,25.0,0.48797500000000005,0.0,0.0
ushouse,CA-32,CA,net_dem_twoparty_margin,42.80451,32.423190000000005,53.15391999999999,80pct,25.0,0.48797500000000005,0.0,0.0
ushouse,CA-30,CA,net_dem_twoparty_margin,100.0,100.0,100.0,80pct,25.0,0.48797500000000005,0.0,0.0
ushouse,CO-1,CO,net_dem_twoparty_margin,49.39347,39.37368,59.29939,80pct,25.0,0.48797500000000005,0.0,0.0
ushouse,CA-7,CA,net_dem_twoparty_margin,39.10957,29.322429999999997,48.868970000000004,80pct,25.0,0.48797500000000005,0.0,0.0
ushouse,WI-6,WI,net_dem_twoparty_margin,-100.0,-100.0,-100.0,80pct,25.0,0.48797500000000005,0.0,0.0
ushouse,AZ-9,AZ,net_dem_twoparty_margin,-100.0,-100.0,-100.0,80pct,25.0,0.48797500000000005,0.0,0.0
ushouse,WI-8,WI,net_dem_twoparty_margin,-79.58408,-86.94355999999999,-71.79239,80pct,25.0,0.48797500000000005,0.0,0.0
ushouse,VA-3,VA,net_dem_twoparty_margin,30.97675,21.22048,40.628659999999996,80pct,25.0,0.48797500000000005,0.0,0.0
ushouse,TX-30,TX,net_dem_twoparty_margin,47.60699,37.47736,57.845180000000006,80pct,25.0,0.48797500000000005,0.0,0.0
ushouse,TX-18,TX,net_dem_twoparty_margin,40.545559999999995,30.104059999999997,50.92309,80pct,25.0,0.48797500000000005,0.0,0.0
ushouse,TX-17,TX,net_dem_twoparty_margin,-29.74857,-39.39717,-20.28177,80pct,25.0,0.48797500000000005,0.0,0.0
ushouse,TX-16,TX,net_dem_twoparty_margin,29.84018,18.64593,40.945440000000005,80pct,25.0,0.48797500000000005,0.0,0.0
ushouse,TX-13,TX,net_dem_twoparty_margin,-44.16861,-54.0134,-34.42368,80pct,25.0,0.48797500000000005,0.0,0.0
ushouse,AR-4,AR,net_dem_twoparty_margin,-42.50071,-52.44814,-32.389720000000004,80pct,25.0,0.48797500000000005,0.0,0.0
ushouse,AZ-3,AZ,net_dem_twoparty_margin,44.33667,33.28291,55.292190000000005,80pct,25.0,0.48797500000000005,0.0,0.0
ushouse,AZ-8,AZ,net_dem_twoparty_margin,-100.0,-100.0,-100.0,80pct,25.0,0.48797500000000005,0.0,0.0
ushouse,CA-10,CA,net_dem_twoparty_margin,75.6496,67.67059,83.24274,80pct,25.0,0.48797500000000005,0.0,0.0
ushouse,CA-46,CA,net_dem_twoparty_margin,32.10579,21.4722,42.845290000000006,80pct,25.0,0.48797500000000005,0.0,0.0
ushouse,CA-36,CA,net_dem_twoparty_margin,42.53047,32.09875,53.10941,80pct,25.0,0.48797500000000005,0.0,0.0
ushouse,CA-37,CA,net_dem_twoparty_margin,100.0,100.0,100.0,80pct,25.0,0.48797500000000005,0.0,0.0
ushouse,FL-12,FL,net_dem_twoparty_margin,-36.2836,-46.287,-26.27492,80pct,25.0,0.48797500000000005,0.0,0.0
ushouse,FL-18,FL,net_dem_twoparty_margin,-83.61848,-90.46377,-76.13671,80pct,25.0,0.48797500000000005,0.0,0.0
ushouse,FL-20,FL,net_dem_twoparty_margin,50.06709,39.96455,60.06264,80pct,25.0,0.48797500000000005,0.0,0.0
ushouse,FL-24,FL,net_dem_twoparty_margin,49.110690000000005,39.02306,59.23245,80pct,25.0,0.48797500000000005,0.0,0.0
ushouse,CA-4,CA,net_dem_twoparty_margin,40.72911,31.304609999999997,50.12366,80pct,25.0,0.48797500000000005,0.0,0.0
ushouse,CA-42,CA,net_dem_twoparty_margin,46.38193,35.67991,57.05923000000001,80pct,25.0,0.48797500000000005,0.0,0.0
ushouse,CA-43,CA,net_dem_twoparty_margin,59.972609999999996,49.75716,70.11601999999999,80pct,25.0,0.48797500000000005,0.0,0.0
ushouse,CA-44,CA,net_dem_twoparty_margin,54.42163000000001,44.366209999999995,64.43264,80pct,25.0,0.48797500000000005,0.0,0.0
ushouse,CA-14,CA,net_dem_twoparty_margin,43.33627,33.053340000000006,53.62956,80pct,25.0,0.48797500000000005,0.0,0.0
